Date,ETN,GEV,PH,PH weight,GEV weight,ETN weight,weightedReturn
2023-10-17,1.0006613816859244,0.0,1.0147105936978957,0.5,0.0,0.5,1.00768598769191
2023-10-18,0.9558011053846163,0.0,0.9407939920384752,0.5,0.0,0.5,0.9482975487115457
2023-10-19,0.9876490250300612,0.0,0.9894454112661091,0.5,0.0,0.5,0.9885472181480852
2023-10-20,0.9703865915923571,0.0,0.9945062848469747,0.5,0.0,0.5,0.9824464382196658
2023-10-23,1.0076292607559683,0.0,0.983776775161342,0.5,0.0,0.5,0.9957030179586551
2023-10-24,1.0213331339338223,0.0,1.0174720737526264,0.5,0.0,0.5,1.0194026038432242
2023-10-25,0.9779103455524831,0.0,0.9845692417679465,0.5,0.0,0.5,0.9812397936602149
2023-10-26,1.0067611541520647,0.0,1.0066388827097406,0.5,0.0,0.5,1.0067000184309025
2023-10-27,0.9936912037417045,0.0,0.9899451371638793,0.5,0.0,0.5,0.991818170452792
2023-10-30,1.0126466493785895,0.0,1.0090375985393218,0.5,0.0,0.5,1.0108421239589558
2023-10-31,1.051218351596184,0.0,0.9982682413006609,0.5,0.0,0.5,1.0247432964484224
2023-11-01,1.0332837326506228,0.0,1.004228739856969,0.5,0.0,0.5,1.0187562362537959
2023-11-02,1.0061908599255882,0.0,1.0920721342495143,0.5,0.0,0.5,1.0491314970875512
2023-11-03,0.9976312617887746,0.0,0.9916209655584716,0.5,0.0,0.5,0.9946261136736231
2023-11-06,1.007635344118789,0.0,1.0123383286876295,0.5,0.0,0.5,1.0099868364032094
2023-11-07,0.99727407375519,0.0,1.00231444655275,0.5,0.0,0.5,0.99979426015397
2023-11-08,1.0081541208837284,0.0,1.0087942552867568,0.5,0.0,0.5,1.0084741880852426
2023-11-09,1.0035844069689874,0.0,1.0052598966139799,0.5,0.0,0.5,1.0044221517914838
2023-11-10,1.0157524509830418,0.0,1.0197160904273017,0.5,0.0,0.5,1.0177342707051718
2023-11-13,1.003381053203075,0.0,0.9999521932555946,0.5,0.0,0.5,1.0016666232293348
2023-11-14,1.0248463029623849,0.0,1.0203371856770709,0.5,0.0,0.5,1.0225917443197279
2023-11-15,0.9892589279917213,0.0,1.0026171439264688,0.5,0.0,0.5,0.995938035959095
2023-11-16,1.0050965019587472,0.0,0.9938472510501071,0.5,0.0,0.5,0.9994718765044271
2023-11-17,1.004409060804888,0.0,1.0145390941865045,0.5,0.0,0.5,1.009474077495696
2023-11-20,0.9961370280367904,0.0,0.9974342330606344,0.5,0.0,0.5,0.9967856305487124
2023-11-21,1.0003967214715648,0.0,1.0032210408082354,0.5,0.0,0.5,1.0018088811399002
2023-11-22,1.0083695833636073,0.0,0.996096246108115,0.5,0.0,0.5,1.002232914735861
2023-11-24,0.9991699335108011,0.0,1.0056583715810303,0.5,0.0,0.5,1.0024141525459158
2023-11-27,1.0002623766174472,0.0,0.9959646409608167,0.5,0.0,0.5,0.998113508789132
2023-11-28,0.9816854400531412,0.0,0.9875206836995717,0.5,0.0,0.5,0.9846030618763564
2023-11-29,1.0053875468977824,0.0,1.0035872322695123,0.5,0.0,0.5,1.0044873895836472
2023-11-30,1.0083702446195766,0.0,1.011960790088587,0.5,0.0,0.5,1.0101655173540818
2023-12-01,1.0121656033344624,0.0,1.0161136231199142,0.5,0.0,0.5,1.0141396132271883
2023-12-04,0.9901936072147559,0.0,0.9954333875354855,0.5,0.0,0.5,0.9928134973751207
2023-12-05,0.9886065076014664,0.0,0.9924226294692371,0.5,0.0,0.5,0.9905145685353518
2023-12-06,1.0058510684682656,0.0,0.9988272481317338,0.5,0.0,0.5,1.0023391582999996
2023-12-07,1.004450909740594,0.0,0.9987336032703604,0.5,0.0,0.5,1.0015922565054773
2023-12-08,1.0192163564614858,0.0,1.011204102610555,0.5,0.0,0.5,1.0152102295360204
2023-12-11,1.0102019233843935,0.0,0.9990652051335194,0.5,0.0,0.5,1.0046335642589566
2023-12-12,1.0100989622925265,0.0,1.0059559609258923,0.5,0.0,0.5,1.0080274616092093
2023-12-13,0.9989031208240862,0.0,1.0016106778067446,0.5,0.0,0.5,1.0002568993154153
2023-12-14,1.0038430601127182,0.0,1.0314125835678476,0.5,0.0,0.5,1.017627821840283
2023-12-15,0.9987799211315382,0.0,0.9960256623907464,0.5,0.0,0.5,0.9974027917611423
2023-12-18,0.9988206589526669,0.0,0.9997575826793066,0.5,0.0,0.5,0.9992891208159868
2023-12-19,1.004301414258602,0.0,1.014928525771519,0.5,0.0,0.5,1.0096149700150605
2023-12-20,0.9823639278405606,0.0,0.9764480738454077,0.5,0.0,0.5,0.9794060008429841
2023-12-21,1.0142766997312451,0.0,1.014418665517671,0.5,0.0,0.5,1.0143476826244582
2023-12-22,1.0056892349979647,0.0,1.0050230863803016,0.5,0.0,0.5,1.005356160689133
2023-12-26,1.0065789751371246,0.0,1.0071367152620754,0.5,0.0,0.5,1.0068578451996
2023-12-27,1.0025394093956705,0.0,1.0017120146495413,0.5,0.0,0.5,1.002125712022606
2023-12-28,0.9997093069231353,0.0,0.9993725761855339,0.5,0.0,0.5,0.9995409415543346
2023-12-29,1.000290777603901,0.0,0.9972724363912162,0.5,0.0,0.5,0.9987816069975586
2024-01-02,0.9920272456791754,0.0,0.9954634923788669,0.5,0.0,0.5,0.9937453690290212
2024-01-03,0.9757221117506342,0.0,0.9827085910794036,0.5,0.0,0.5,0.9792153514150188
2024-01-04,1.0059200538524304,0.0,1.0030621010814047,0.5,0.0,0.5,1.0044910774669176
2024-01-05,1.0016206972421298,0.0,1.003295996377165,0.5,0.0,0.5,1.0024583468096475
2024-01-08,1.0175423677475455,0.0,1.0113327241998675,0.5,0.0,0.5,1.0144375459737065
2024-01-09,1.0020923377473443,0.0,0.9973184645587262,0.5,0.0,0.5,0.9997054011530353
2024-01-10,1.005887598117325,0.0,1.0072573832622007,0.5,0.0,0.5,1.0065724906897628
2024-01-11,1.0105028097502067,0.0,1.0040367151113667,0.5,0.0,0.5,1.0072697624307867
2024-01-12,0.9946182613422258,0.0,0.9949855163661108,0.5,0.0,0.5,0.9948018888541683
2024-01-16,0.9984718519259099,0.0,1.0009340381116636,0.5,0.0,0.5,0.9997029450187868
2024-01-17,0.981467749162132,0.0,0.9897991947093587,0.5,0.0,0.5,0.9856334719357454
2024-01-18,1.0120542619563857,0.0,1.021159950407824,0.5,0.0,0.5,1.016607106182105
2024-01-19,1.0186572803912934,0.0,1.0100278922395731,0.5,0.0,0.5,1.0143425863154332
2024-01-22,0.9971381854228327,0.0,1.0066969236676135,0.5,0.0,0.5,1.0019175545452232
2024-01-23,0.9973349140201487,0.0,0.990665576237866,0.5,0.0,0.5,0.9940002451290073
2024-01-24,0.9930935780576303,0.0,0.9910041585135358,0.5,0.0,0.5,0.992048868285583
2024-01-25,1.0175933102161077,0.0,1.0148854331794093,0.5,0.0,0.5,1.0162393716977585
2024-01-26,1.00028471631064,0.0,0.9995548871901268,0.5,0.0,0.5,0.9999198017503834
2024-01-29,1.0115092626794389,0.0,1.0104117073880037,0.5,0.0,0.5,1.0109604850337213
2024-01-30,1.0062318558672299,0.0,1.002853961170214,0.5,0.0,0.5,1.0045429085187219
2024-01-31,0.9832579980558178,0.0,0.9720420891711139,0.5,0.0,0.5,0.9776500436134659
2024-02-01,1.0751383991403194,0.0,1.0768138641283418,0.5,0.0,0.5,1.0759761316343306
2024-02-02,1.0209018152208817,0.0,1.020352601298149,0.5,0.0,0.5,1.0206272082595154
2024-02-05,0.9974826611747714,0.0,0.9970805765291298,0.5,0.0,0.5,0.9972816188519507
2024-02-06,1.0063094047797911,0.0,1.0052665125344327,0.5,0.0,0.5,1.005787958657112
2024-02-07,1.0063810692546054,0.0,1.0052194747869097,0.5,0.0,0.5,1.0058002720207575
2024-02-08,1.0013192971316478,0.0,1.005402319199249,0.5,0.0,0.5,1.0033608081654484
2024-02-09,1.0173859935979266,0.0,1.0113865893486236,0.5,0.0,0.5,1.014386291473275
2024-02-12,0.9859332210192453,0.0,0.9939008827638195,0.5,0.0,0.5,0.9899170518915323
2024-02-13,0.993906189430159,0.0,0.9873216760814046,0.5,0.0,0.5,0.9906139327557818
2024-02-14,1.0118952032283564,0.0,1.0200924449027087,0.5,0.0,0.5,1.0159938240655326
2024-02-15,1.0006167021441705,0.0,0.9999233782516878,0.5,0.0,0.5,1.0002700401979292
2024-02-16,1.0062729030697746,0.0,0.9965317335175903,0.5,0.0,0.5,1.0014023182936824
2024-02-20,0.9948472281989434,0.0,0.9989809404677897,0.5,0.0,0.5,0.9969140843333666
2024-02-21,1.003875645522885,0.0,1.0080459338784868,0.5,0.0,0.5,1.005960789700686
2024-02-22,1.0267715201214558,0.0,1.0120101836579736,0.5,0.0,0.5,1.0193908518897148
2024-02-23,1.0012298546185525,0.0,1.0020188460948554,0.5,0.0,0.5,1.001624350356704
2024-02-26,0.9977887820681007,0.0,0.9995104902169701,0.5,0.0,0.5,0.9986496361425354
2024-02-27,0.9974322434798283,0.0,1.0012809647278094,0.5,0.0,0.5,0.9993566041038189
2024-02-28,1.0119548437935857,0.0,0.9992663742336545,0.5,0.0,0.5,1.00561060901362
2024-02-29,1.0071090754406617,0.0,1.008190690091013,0.5,0.0,0.5,1.0076498827658373
2024-03-01,1.0162630103756254,0.0,1.0043886569523635,0.5,0.0,0.5,1.0103258336639944
2024-03-04,1.0098057561312501,0.0,0.9957419979757496,0.5,0.0,0.5,1.0027738770535
2024-03-05,0.9843212834117444,0.0,0.9859758574584195,0.5,0.0,0.5,0.985148570435082
2024-03-06,1.0164765215767388,0.0,1.0061174075775083,0.5,0.0,0.5,1.0112969645771237
2024-03-07,1.0147942887504788,0.0,1.015529943466731,0.5,0.0,0.5,1.015162116108605
2024-03-08,0.9910054555975903,0.0,0.9960518782344249,0.5,0.0,0.5,0.9935286669160076
2024-03-11,0.9838987663280117,0.0,0.997562015412976,0.5,0.0,0.5,0.9907303908704939
2024-03-12,1.0172191436740392,0.0,1.0041789921933255,0.5,0.0,0.5,1.0106990679336825
2024-03-13,1.0083964879998228,0.0,1.0023777927416821,0.5,0.0,0.5,1.0053871403707526
2024-03-14,1.0001664875853875,0.0,0.9938653108691887,0.5,0.0,0.5,0.9970158992272882
2024-03-15,0.9920410655354501,0.0,0.9984522365960653,0.5,0.0,0.5,0.9952466510657577
2024-03-18,1.0028533635119177,0.0,1.0015689221743524,0.5,0.0,0.5,1.002211142843135
2024-03-19,1.0140919925086103,0.0,1.0048111924558418,0.5,0.0,0.5,1.009451592482226
2024-03-20,1.022610234486633,0.0,1.0141413610468089,0.5,0.0,0.5,1.018375797766721
2024-03-21,1.0184305799550604,0.0,1.0259489157051254,0.5,0.0,0.5,1.022189747830093
2024-03-22,1.0033597424625083,0.0,0.9897439304224821,0.5,0.0,0.5,0.9965518364424952
2024-03-25,0.985153659156917,0.0,0.9921424840354857,0.5,0.0,0.5,0.9886480715962014
2024-03-26,1.0006410957465228,0.0,0.997511367749384,0.5,0.0,0.5,0.9990762317479533
2024-03-27,1.0074341379936163,0.0,1.0161882360425627,0.5,0.0,0.5,1.0118111870180895
2024-03-28,0.9945291910548406,1.0419048048018964,0.9959503918530255,0.3333333333333333,0.3333333333333333,0.3333333333333333,1.0107947959032542
2024-04-01,0.9979213680414928,1.038537463086142,0.9913997772324766,0.3333333333333333,0.3333333333333333,0.3333333333333333,1.0092862027867038
2024-04-02,1.0087171035760811,0.9857765448545038,0.9935206557897498,0.3333333333333333,0.3333333333333333,0.3333333333333333,0.996004768073445
2024-04-03,1.0196663302659825,0.9810000963779082,1.0203314099132148,0.3333333333333333,0.3333333333333333,0.3333333333333333,1.0069992788523685
2024-04-04,0.9975697020443169,0.9178680063906905,0.9947721547630722,0.3333333333333333,0.3333333333333333,0.3333333333333333,0.9700699543993598
2024-04-05,1.0323275057293821,0.9733458900701952,1.019832719462376,0.3333333333333333,0.3333333333333333,0.3333333333333333,1.0085020384206511
2024-04-08,0.9858098606392056,1.0591689878555497,0.9986939678002457,0.3333333333333333,0.3333333333333333,0.3333333333333333,1.014557605431667
2024-04-09,0.9633232930295843,1.0170050201795924,0.9919072898989723,0.3333333333333333,0.3333333333333333,0.3333333333333333,0.9907452010360496
2024-04-10,1.0015930775158428,1.0469093900820987,0.9893470321390555,0.3333333333333333,0.3333333333333333,0.3333333333333333,1.0126164999123324
2024-04-11,1.009192913132361,0.9869915573018653,1.000756225464376,0.3333333333333333,0.3333333333333333,0.3333333333333333,0.9989802319662007
2024-04-12,1.0039083397597017,0.981181755055206,0.9901584258061011,0.3333333333333333,0.3333333333333333,0.3333333333333333,0.9917495068736696
2024-04-15,0.9898902514560546,0.9832089029811281,0.9873707114776942,0.3333333333333333,0.3333333333333333,0.3333333333333333,0.9868232886382922
2024-04-16,1.0002221428886358,0.9872486000464055,1.0014170314969753,0.3333333333333333,0.3333333333333333,0.3333333333333333,0.9962959248106722
2024-04-17,0.9836053763754352,1.035980399718112,0.9934391939371474,0.3333333333333333,0.3333333333333333,0.3333333333333333,1.0043416566768981
2024-04-18,0.9960023494050009,1.0183302310319473,0.9954123977553052,0.3333333333333333,0.3333333333333333,0.3333333333333333,1.0032483260640843
2024-04-19,0.980837717467779,0.9845506185444812,0.9936071643723615,0.3333333333333333,0.3333333333333333,0.3333333333333333,0.9863318334615405
2024-04-22,1.0167314978467157,1.01176885766297,1.0094825136800123,0.3333333333333333,0.3333333333333333,0.3333333333333333,1.0126609563965658
2024-04-23,1.0154176066487073,1.0814983612842923,1.019788354284063,0.3333333333333333,0.3333333333333333,0.3333333333333333,1.0389014407390207
2024-04-24,1.0190192868943464,0.9888384670755758,0.9926414948057477,0.3333333333333333,0.3333333333333333,0.3333333333333333,1.0001664162585566
2024-04-25,0.9946988251131016,1.0145711512871187,1.0055460881408946,0.3333333333333333,0.3333333333333333,0.3333333333333333,1.0049386881803715
2024-04-26,1.0227055543224646,1.0320951034259775,1.0077539485724318,0.3333333333333333,0.3333333333333333,0.3333333333333333,1.0208515354402912
2024-04-29,1.006814776369559,1.0388055896410102,1.001444946664419,0.3333333333333333,0.3333333333333333,0.3333333333333333,1.0156884375583295
2024-04-30,0.9747328160863038,0.9666687535456877,0.9828117948073403,0.3333333333333333,0.3333333333333333,0.3333333333333333,0.9747377881464439
2024-05-01,0.980424855430919,0.9867282419750597,0.9964212948185368,0.3333333333333333,0.3333333333333333,0.3333333333333333,0.9878581307415051
2024-05-02,1.010383432686237,1.0142415360885382,0.9773832249477376,0.3333333333333333,0.3333333333333333,0.3333333333333333,1.0006693979075043
2024-05-03,1.019629218572573,1.0808033763071094,1.0103640246084453,0.3333333333333333,0.3333333333333333,0.3333333333333333,1.0369322064960427
2024-05-06,1.021029652338863,1.0173223155965507,1.0272482147901894,0.3333333333333333,0.3333333333333333,0.3333333333333333,1.021866727575201
2024-05-07,1.0005805012942253,0.9894761328439586,0.9988925880648472,0.3333333333333333,0.3333333333333333,0.3333333333333333,0.9963164074010102
2024-05-08,1.0090706121929902,0.9799234612100391,1.0085972017422549,0.3333333333333333,0.3333333333333333,0.3333333333333333,0.9991970917150947
2024-05-09,1.008656339924609,1.0146342820940772,1.0133928681847035,0.3333333333333333,0.3333333333333333,0.3333333333333333,1.0122278300677965
2024-05-10,0.9919281653276663,1.0052284200886346,1.0007846804809482,0.3333333333333333,0.3333333333333333,0.3333333333333333,0.9993137552990828
2024-05-13,0.9937682448032034,0.965684050111082,0.9820006422838968,0.3333333333333333,0.3333333333333333,0.3333333333333333,0.980484312399394
2024-05-14,1.0059055181849124,1.0253824144397736,0.9970417320553833,0.3333333333333333,0.3333333333333333,0.3333333333333333,1.0094432215600229
2024-05-15,1.022726470147443,1.0135240648406494,1.0070443265647353,0.3333333333333333,0.3333333333333333,0.3333333333333333,1.0144316205176092
2024-05-16,0.9769795691361821,0.9912432734342861,0.9750933546676884,0.3333333333333333,0.3333333333333333,0.3333333333333333,0.9811053990793855
2024-05-17,1.0001817338011036,0.9772836256368013,1.0104174545488087,0.3333333333333333,0.3333333333333333,0.3333333333333333,0.9959609379955712
2024-05-20,1.009114596161964,0.9897304964004656,1.0053017148270573,0.3333333333333333,0.3333333333333333,0.3333333333333333,1.001382269129829
2024-05-21,1.010442612430234,1.0185152761471645,0.9979377633131635,0.3333333333333333,0.3333333333333333,0.3333333333333333,1.008965217296854
2024-05-22,0.9983665734080827,0.9995119387681218,0.9985370265810282,0.3333333333333333,0.3333333333333333,0.3333333333333333,0.9988051795857441
2024-05-23,1.006663234590415,0.9866951458220057,0.9642905392090192,0.3333333333333333,0.3333333333333333,0.3333333333333333,0.9858829732071466
2024-05-24,1.0072986904382553,1.0974824675722676,1.0061907768564387,0.3333333333333333,0.3333333333333333,0.3333333333333333,1.0369906449556536
2024-05-28,0.9896444964705698,1.0037197982190302,0.9937906078864563,0.3333333333333333,0.3333333333333333,0.3333333333333333,0.9957183008586854
2024-05-29,0.9867502816134319,0.9956764332978361,0.9936378096155727,0.3333333333333333,0.3333333333333333,0.3333333333333333,0.9920215081756135
2024-05-30,1.0039352392673968,0.9873674365962057,1.002427417344222,0.3333333333333333,0.3333333333333333,0.3333333333333333,0.9979100310692748
2024-05-31,0.9959602692092925,1.0046835096895466,1.0134615617261826,0.3333333333333333,0.3333333333333333,0.3333333333333333,1.0047017802083404
2024-06-03,0.9747935026568154,0.9685617186315044,0.9653068480267911,0.3333333333333333,0.3333333333333333,0.3333333333333333,0.969554023105037
2024-06-04,0.974450063604859,0.9569757997638453,0.9987721956475776,0.3333333333333333,0.3333333333333333,0.3333333333333333,0.9767326863387605
2024-06-05,1.0329568834928429,1.002760331375034,1.0209775966300965,0.3333333333333333,0.3333333333333333,0.3333333333333333,1.0188982704993244
2024-06-06,0.9597967190425886,0.9805491339172481,0.9847475799108256,0.3333333333333333,0.3333333333333333,0.3333333333333333,0.9750311442902206
2024-06-07,1.0043704950166976,1.0110410499988967,1.00178591554023,0.3333333333333333,0.3333333333333333,0.3333333333333333,1.0057324868519413
2024-06-10,1.025886964946712,1.0281342898557846,1.019103219353796,0.3333333333333333,0.3333333333333333,0.3333333333333333,1.024374824718764
2024-06-11,0.988203616183527,1.009541456616178,0.9942965912113177,0.3333333333333333,0.3333333333333333,0.3333333333333333,0.9973472213370076
2024-06-12,1.025065051136182,1.0552221868688454,1.0190438992086293,0.3333333333333333,0.3333333333333333,0.3333333333333333,1.0331103790712188
2024-06-13,1.0036066292670645,0.9923952502796587,0.9923821746387923,0.3333333333333333,0.3333333333333333,0.3333333333333333,0.9961280180618384
2024-06-14,0.971585181475625,0.9659418498225818,0.951597604645627,0.3333333333333333,0.3333333333333333,0.3333333333333333,0.9630415453146113
2024-06-17,1.019779293861567,0.9917142508710958,1.0054242018509778,0.3333333333333333,0.3333333333333333,0.3333333333333333,1.0056392488612136
2024-06-18,1.0069468111541329,1.0640555145857016,1.0015809222353682,0.3333333333333333,0.3333333333333333,0.3333333333333333,1.0241944159917342
2024-06-20,0.9867211798251398,0.9866903100667425,1.002288725091084,0.3333333333333333,0.3333333333333333,0.3333333333333333,0.9919000716609887
2024-06-21,0.990162181487983,0.9918163757714449,0.9924606029570688,0.3333333333333333,0.3333333333333333,0.3333333333333333,0.9914797200721654
2024-06-24,1.006311372101757,1.0137141768474032,1.0121588197402043,0.3333333333333333,0.3333333333333333,0.3333333333333333,1.0107281228964546
2024-06-25,1.0021112210890928,1.0185808307102604,0.9902211964950557,0.3333333333333333,0.3333333333333333,0.3333333333333333,1.0036377494314697
2024-06-26,0.9767937984195566,0.9920088740957282,0.9947159987835127,0.3333333333333333,0.3333333333333333,0.3333333333333333,0.9878395570995991
2024-06-27,0.9957815143778902,0.979333339119168,1.0031634934893292,0.3333333333333333,0.3333333333333333,0.3333333333333333,0.9927594489954623
2024-06-28,0.9987576237179369,0.972940629629147,1.0031532089452442,0.3333333333333333,0.3333333333333333,0.3333333333333333,0.9916171540974426
2024-07-01,0.9962368050958185,0.9767361658679584,0.9905103406616272,0.3333333333333333,0.3333333333333333,0.3333333333333333,0.9878277705418013
2024-07-02,1.002913180763332,1.0136700768642979,1.0180037127431367,0.3333333333333333,0.3333333333333333,0.3333333333333333,1.0115289901235889
2024-07-03,1.0164070125486009,1.0169011935151122,1.0052740851606603,0.3333333333333333,0.3333333333333333,0.3333333333333333,1.0128607637414577
2024-07-05,0.9967023976515624,1.020558243878678,0.9859182867311538,0.3333333333333333,0.3333333333333333,0.3333333333333333,1.0010596427537979
2024-07-08,1.0050099374652395,0.989445613571589,1.0064688144680343,0.3333333333333333,0.3333333333333333,0.3333333333333333,1.000308121834954
2024-07-09,0.9992162044699002,0.9920283623382873,0.9998231484118599,0.3333333333333333,0.3333333333333333,0.3333333333333333,0.9970225717400157
2024-07-10,1.026230776253108,1.0390218053420786,1.028485295671365,0.3333333333333333,0.3333333333333333,0.3333333333333333,1.0312459590888503
2024-07-11,1.0053505240332143,0.9831414194427353,1.009538119006648,0.3333333333333333,0.3333333333333333,0.3333333333333333,0.9993433541608658
2024-07-12,1.0050485103982931,1.0212225106376045,1.0184415188269316,0.3333333333333333,0.3333333333333333,0.3333333333333333,1.0149041799542764
2024-07-15,0.9895604567771121,0.9833195328827563,1.012716190150194,0.3333333333333333,0.3333333333333333,0.3333333333333333,0.9951987266033541
2024-07-16,1.0166040846205056,1.0298692585535036,1.0439474170713985,0.3333333333333333,0.3333333333333333,0.3333333333333333,1.0301402534151358
2024-07-17,0.9369547323708778,0.9074640955762806,0.9811141823018471,0.3333333333333333,0.3333333333333333,0.3333333333333333,0.9418443367496684
2024-07-18,0.9921991071637509,0.9738285342538424,0.9815930387473313,0.3333333333333333,0.3333333333333333,0.3333333333333333,0.9825402267216415
2024-07-19,1.0091241775470874,1.0114559992230843,0.9944856895517384,0.3333333333333333,0.3333333333333333,0.3333333333333333,1.0050219554406365
2024-07-22,1.0270287431103322,1.0209377319491737,1.0137150603672114,0.3333333333333333,0.3333333333333333,0.3333333333333333,1.0205605118089056
2024-07-23,1.0050574616996069,1.0223674762962336,0.9991668623235201,0.3333333333333333,0.3333333333333333,0.3333333333333333,1.0088639334397866
2024-07-24,0.930608040511092,0.9554812705361412,0.959395464199951,0.3333333333333333,0.3333333333333333,0.3333333333333333,0.9484949250823947
2024-07-25,0.9775703612492163,0.9821978859043461,1.0299852619355991,0.3333333333333333,0.3333333333333333,0.3333333333333333,0.9965845030297205
2024-07-26,1.0167644771642574,1.081937330740429,1.0173903478343422,0.3333333333333333,0.3333333333333333,0.3333333333333333,1.0386973852463428
2024-07-29,0.9960374354039881,0.9938767415888693,0.9890192097096987,0.3333333333333333,0.3333333333333333,0.3333333333333333,0.9929777955675186
2024-07-30,0.9684095280335707,0.9456553185496785,1.0049040564921905,0.3333333333333333,0.3333333333333333,0.3333333333333333,0.9729896343584798
2024-07-31,1.0610987914644454,1.0955133088581164,1.0180513245285339,0.3333333333333333,0.3333333333333333,0.3333333333333333,1.0582211416170317
2024-08-01,0.9773286267248184,0.9763800697821932,0.9525624358748117,0.3333333333333333,0.3333333333333333,0.3333333333333333,0.9687570441272743
2024-08-02,0.9408487649685584,0.9465609508160625,0.9700116786459287,0.3333333333333333,0.3333333333333333,0.3333333333333333,0.9524737981435165
2024-08-05,0.9756551836228764,0.9848844470927292,0.9764711273725121,0.3333333333333333,0.3333333333333333,0.3333333333333333,0.9790035860293724
2024-08-06,1.0188242441647268,1.0130054773667216,1.0231282082626016,0.3333333333333333,0.3333333333333333,0.3333333333333333,1.01831930993135
2024-08-07,1.0001081452339957,1.0104653816480647,0.9893439298645244,0.3333333333333333,0.3333333333333333,0.3333333333333333,0.9999724855821949
2024-08-08,1.0352921823268473,1.0670802060958733,1.1084486973154966,0.3333333333333333,0.3333333333333333,0.3333333333333333,1.0702736952460723
2024-08-09,1.014470894923023,1.0107216744677103,1.0030454421623307,0.3333333333333333,0.3333333333333333,0.3333333333333333,1.009412670517688
2024-08-12,0.9889931720910182,0.9850928593398173,0.9964375217578735,0.3333333333333333,0.3333333333333333,0.3333333333333333,0.9901745177295695
2024-08-13,1.0241305669739498,1.0181932114139132,1.0066045176280969,0.3333333333333333,0.3333333333333333,0.3333333333333333,1.0163094320053199
2024-08-14,1.0098515428542114,1.025104456619695,1.012002880238499,0.3333333333333333,0.3333333333333333,0.3333333333333333,1.015652959904135
2024-08-15,1.0139453722718774,1.0253040800820727,1.0215252884040844,0.3333333333333333,0.3333333333333333,0.3333333333333333,1.0202582469193449
2024-08-16,0.9808902489261254,0.9747907570705568,0.9874077794714843,0.3333333333333333,0.3333333333333333,0.3333333333333333,0.9810295951560555
2024-08-19,1.001246976358211,1.0072802030698456,1.005313491748281,0.3333333333333333,0.3333333333333333,0.3333333333333333,1.004613557058779
2024-08-20,0.9972732943761972,0.9924489239413034,0.9928217724649716,0.3333333333333333,0.3333333333333333,0.3333333333333333,0.994181330260824
2024-08-21,1.011645944428025,1.0014129327923431,1.0062685955551416,0.3333333333333333,0.3333333333333333,0.3333333333333333,1.0064424909251697
2024-08-22,0.9933264672892024,1.0094430276869084,1.0023210710983017,0.3333333333333333,0.3333333333333333,0.3333333333333333,1.0016968553581376
2024-08-23,1.0077596977106247,0.9854302347660302,1.0111015518151323,0.3333333333333333,0.3333333333333333,0.3333333333333333,1.001430494763929
2024-08-26,0.9897001432106223,0.9936711928098213,0.9956721175471143,0.3333333333333333,0.3333333333333333,0.3333333333333333,0.9930144845225193
2024-08-27,0.9970360391552837,1.0187777967168792,0.9980380117986516,0.3333333333333333,0.3333333333333333,0.3333333333333333,1.0046172825569382
2024-08-28,0.991791382689733,0.9916466236975784,0.9992353348256287,0.3333333333333333,0.3333333333333333,0.3333333333333333,0.99422444707098
2024-08-29,1.0255108331514666,1.0399997735978088,1.0054589756089378,0.3333333333333333,0.3333333333333333,0.3333333333333333,1.0236565274527376
2024-08-30,1.0193963600084543,1.050376259266421,1.0151889655207147,0.3333333333333333,0.3333333333333333,0.3333333333333333,1.0283205282651966
2024-09-03,0.9439608945817504,0.9579603209568786,0.9585971712414647,0.3333333333333333,0.3333333333333333,0.3333333333333333,0.9535061289266978
2024-09-04,0.9966866535028189,1.0367695525639469,1.0027808684701935,0.3333333333333333,0.3333333333333333,0.3333333333333333,1.012079024845653
2024-09-05,0.9894381237766333,0.9940389981889676,0.9969669774699431,0.3333333333333333,0.3333333333333333,0.3333333333333333,0.9934813664785146
2024-09-06,0.9973751327411513,0.9994457760004261,0.993237168333038,0.3333333333333333,0.3333333333333333,0.3333333333333333,0.9966860256915384
2024-09-09,1.0154752065166228,1.0175463876542374,1.0155606391421181,0.3333333333333333,0.3333333333333333,0.3333333333333333,1.0161940777709928
2024-09-10,0.9962679237870752,1.000991052975003,1.0015511025090804,0.3333333333333333,0.3333333333333333,0.3333333333333333,0.9996033597570527
2024-09-11,1.0306623567420155,1.035344780985952,1.00567910156594,0.3333333333333333,0.3333333333333333,0.3333333333333333,1.0238954130979692
2024-09-12,1.0210001964371012,1.0292613239647577,1.0053899477935382,0.3333333333333333,0.3333333333333333,0.3333333333333333,1.0185504893984656
2024-09-13,1.0079767561726,1.0479397536068167,1.0064334946713072,0.3333333333333333,0.3333333333333333,0.3333333333333333,1.020783334816908
2024-09-16,1.0024525088330287,1.0192385048448445,1.009216521700089,0.3333333333333333,0.3333333333333333,0.3333333333333333,1.010302511792654
2024-09-17,1.016898028705716,1.0314008905644794,1.0140587452112029,0.3333333333333333,0.3333333333333333,0.3333333333333333,1.0207858881604661
2024-09-18,1.0093668590610136,0.9937591261381639,1.0063785089717643,0.3333333333333333,0.3333333333333333,0.3333333333333333,1.0031681647236472
2024-09-19,1.0453521444422358,1.0372555179339595,1.0279461032888906,0.3333333333333333,0.3333333333333333,0.3333333333333333,1.0368512552216953
2024-09-20,1.0051074954360628,1.0041317555553495,0.9963580844411949,0.3333333333333333,0.3333333333333333,0.3333333333333333,1.0018657784775358
2024-09-23,0.9975501007508806,1.0247290830406441,0.9919038240367313,0.3333333333333333,0.3333333333333333,0.3333333333333333,1.0047276692760854
2024-09-24,0.9927225430416391,1.0157038561881415,1.0107482994834136,0.3333333333333333,0.3333333333333333,0.3333333333333333,1.0063915662377314
2024-09-25,1.0035431644535737,0.9983169076565235,0.9943232817164936,0.3333333333333333,0.3333333333333333,0.3333333333333333,0.9987277846088636
2024-09-26,1.0136052110539682,0.9849833580774394,1.0218392328481023,0.3333333333333333,0.3333333333333333,0.3333333333333333,1.0068092673265032
2024-09-27,0.9862771392984542,0.9945863726563048,0.9958607750569108,0.3333333333333333,0.3333333333333333,0.3333333333333333,0.9922414290038899
2024-09-30,1.0091033433669403,1.0204915947714421,0.9984985525187526,0.3333333333333333,0.3333333333333333,0.3333333333333333,1.0093644968857116
2024-10-01,0.9883537134097962,1.0060787858165468,0.9973411240108127,0.3333333333333333,0.3333333333333333,0.3333333333333333,0.9972578744123852
2024-10-02,1.0012517575624205,0.9834717015015978,0.9958103741475671,0.3333333333333333,0.3333333333333333,0.3333333333333333,0.993511277737195
2024-10-03,0.9968595457877464,1.0094731878933616,0.9981035729519917,0.3333333333333333,0.3333333333333333,0.3333333333333333,1.0014787688776998
2024-10-04,1.0186261985339893,1.0428380264699593,1.0069774413988122,0.3333333333333333,0.3333333333333333,0.3333333333333333,1.0228138888009202
2024-10-07,1.0047440139509005,0.9885162118030719,0.9984619061623093,0.3333333333333333,0.3333333333333333,0.3333333333333333,0.9972407106387605
2024-10-08,1.0028389507622621,1.0065894800262183,0.9962364152973769,0.3333333333333333,0.3333333333333333,0.3333333333333333,1.001888282028619
2024-10-09,1.0079565331877922,1.0088167402969437,1.0086873841004793,0.3333333333333333,0.3333333333333333,0.3333333333333333,1.0084868858617384
2024-10-10,0.9961270197409994,0.992573215411681,0.9979932642848685,0.3333333333333333,0.3333333333333333,0.3333333333333333,0.9955644998125162
2024-10-11,1.0132072084410646,1.008578431372549,1.008914734811736,0.3333333333333333,0.3333333333333333,0.3333333333333333,1.0102334582084498
2024-10-14,1.0123611052759445,1.0097790671771163,1.0100135025002845,0.3333333333333333,0.3333333333333333,0.3333333333333333,1.010717891651115
2024-10-15,0.9780966397369392,0.9883487811916543,0.991437866940986,0.3333333333333333,0.3333333333333333,0.3333333333333333,0.9859610959565264
2024-10-16,1.0090521623487825,1.0315741077642575,0.9991534650182812,0.3333333333333333,0.3333333333333333,0.3333333333333333,1.0132599117104404
2024-10-17,1.0216652526953134,0.9899186855195746,1.0037021428270472,0.3333333333333333,0.3333333333333333,0.3333333333333333,1.0050953603473116
2024-10-18,0.9991104666721603,1.0026469818157249,1.000937875946565,0.3333333333333333,0.3333333333333333,0.3333333333333333,1.0008984414781499
2024-10-21,0.9968120407944868,1.0136038582883227,0.9981261025383286,0.3333333333333333,0.3333333333333333,0.3333333333333333,1.0028473338737127
2024-10-22,0.9898580608252225,0.9999637655103284,0.984419110337731,0.3333333333333333,0.3333333333333333,0.3333333333333333,0.9914136455577607
2024-10-23,1.0041040222939923,1.0125170873418037,1.000667451257871,0.3333333333333333,0.3333333333333333,0.3333333333333333,1.0057628536312222
2024-10-24,1.00095675537993,1.0611690848632636,0.9911705183122766,0.3333333333333333,0.3333333333333333,0.3333333333333333,1.0177654528518234
2024-10-25,0.997683045333406,0.988350257330426,0.9961544275664721,0.3333333333333333,0.3333333333333333,0.3333333333333333,0.9940625767434347
2024-10-28,1.0029609821764514,0.9853171252795405,1.0030721316395237,0.3333333333333333,0.3333333333333333,0.3333333333333333,0.9971167463651718
2024-10-29,1.0001156927464168,1.0329839917250105,1.0023411048558755,0.3333333333333333,0.3333333333333333,0.3333333333333333,1.0118135964424342
2024-10-30,0.9920705496132276,0.9960842241414133,0.9986882447217951,0.3333333333333333,0.3333333333333333,0.3333333333333333,0.9956143394921453
2024-10-31,0.9672413793103448,1.0136423745358536,1.0156657543164735,0.3333333333333333,0.3333333333333333,0.3333333333333333,0.9988498360542238
2024-11-01,1.010314250582736,0.9981103201397936,1.0015142176802867,0.3333333333333333,0.3333333333333333,0.3333333333333333,1.0033129294676053
2024-11-04,0.991229151970481,0.9813012081139666,1.0046767405881536,0.3333333333333333,0.3333333333333333,0.3333333333333333,0.992402366890867
2024-11-05,1.019176757576011,1.0687404706102137,1.024216308293474,0.3333333333333333,0.3333333333333333,0.3333333333333333,1.037377845493233
2024-11-06,1.0642999190620597,1.0650155327327182,1.0857143155490738,0.3333333333333333,0.3333333333333333,0.3333333333333333,1.0716765891146172
2024-11-07,1.0038422230928818,1.0014274378474324,0.9722464585755086,0.3333333333333333,0.3333333333333333,0.3333333333333333,0.9925053731719409
2024-11-08,1.0169459355581885,1.0130648314691766,1.0108116989339835,0.3333333333333333,0.3333333333333333,0.3333333333333333,1.0136074886537827
2024-11-11,1.014399717251228,1.0242101466912434,1.018071364634873,0.3333333333333333,0.3333333333333333,0.3333333333333333,1.0188937428591147
2024-11-12,0.9920419567161491,0.926367879922427,0.9875307806706913,0.3333333333333333,0.3333333333333333,0.3333333333333333,0.9686468724364223
2024-11-13,1.0018157281935451,1.0295017358860494,1.0102100178648985,0.3333333333333333,0.3333333333333333,0.3333333333333333,1.0138424939814976
2024-11-14,0.9788995053647657,0.9783352131050866,0.987501126732902,0.3333333333333333,0.3333333333333333,0.3333333333333333,0.9815786150675847
2024-11-15,0.9920687225578059,1.0114097339977228,1.0018346385832069,0.3333333333333333,0.3333333333333333,0.3333333333333333,1.0017710317129118
2024-11-18,0.9967687803221865,0.9866872309254549,0.9896553375952197,0.3333333333333333,0.3333333333333333,0.3333333333333333,0.9910371162809537
2024-11-19,1.0163765213988145,1.0449641527189444,0.9972241003489603,0.3333333333333333,0.3333333333333333,0.3333333333333333,1.0195215914889064
2024-11-20,0.9911186302557152,1.0081469158387468,1.0009712996475562,0.3333333333333333,0.3333333333333333,0.3333333333333333,1.0000789485806727
2024-11-21,1.0291019498541887,0.991481310302032,1.0177425850274773,0.3333333333333333,0.3333333333333333,0.3333333333333333,1.0127752817278992
2024-11-22,1.0174147620379546,1.027394389675574,1.0059630111533002,0.3333333333333333,0.3333333333333333,0.3333333333333333,1.0169240542889428
2024-11-25,0.9980656140740252,0.9422043258370288,0.9965339954723947,0.3333333333333333,0.3333333333333333,0.3333333333333333,0.9789346451278161
2024-11-26,1.001619597417658,1.0301233503473883,1.0034495076072778,0.3333333333333333,0.3333333333333333,0.3333333333333333,1.0117308184574414
2024-11-27,0.9859257513375241,0.9894949857953993,0.9901394224451322,0.3333333333333333,0.3333333333333333,0.3333333333333333,0.9885200531926851
2024-11-29,1.0092479858450374,0.9963916694717352,1.0043150750157768,0.3333333333333333,0.3333333333333333,0.3333333333333333,1.0033182434441832
2024-12-02,0.9914761346429338,1.0102358437333234,0.996855933965721,0.3333333333333333,0.3333333333333333,0.3333333333333333,0.9995226374473261
2024-12-03,1.0041105818266323,0.9833502047942778,1.0002996685099268,0.3333333333333333,0.3333333333333333,0.3333333333333333,0.9959201517102789
2024-12-04,1.0100868457545094,1.0356410748827924,0.9937080519135603,0.3333333333333333,0.3333333333333333,0.3333333333333333,1.0131453241836206
2024-12-05,0.9828618694034043,1.0127418258522383,0.9974443434095904,0.3333333333333333,0.3333333333333333,0.3333333333333333,0.9976826795550775
2024-12-06,1.0004581994020447,0.9953464595161159,1.0020872307638449,0.3333333333333333,0.3333333333333333,0.3333333333333333,0.9992972965606685
2024-12-09,0.980712173752592,0.9675045233405077,0.9854055048709655,0.3333333333333333,0.3333333333333333,0.3333333333333333,0.977874067321355
2024-12-10,0.9847003853578534,0.9765547816033374,0.9882362248821214,0.3333333333333333,0.3333333333333333,0.3333333333333333,0.983163797281104
2024-12-11,1.009540044178018,1.0501238324889932,1.0124791768011787,0.3333333333333333,0.3333333333333333,0.3333333333333333,1.0240476844893966
2024-12-12,0.9909646374351251,0.959598587450922,0.9944347147145522,0.3333333333333333,0.3333333333333333,0.3333333333333333,0.9816659798668663
2024-12-13,0.9926667216320094,1.0063655354904602,0.9842507163380935,0.3333333333333333,0.3333333333333333,0.3333333333333333,0.9944276578201876
2024-12-16,0.9975842699818471,1.0171680016532798,1.0028577750290668,0.3333333333333333,0.3333333333333333,0.3333333333333333,1.005870015554731
2024-12-17,0.9772771583994285,0.9722543331629652,0.9884971298854728,0.3333333333333333,0.3333333333333333,0.3333333333333333,0.9793428738159554
2024-12-18,0.9655411015280467,0.9658280037446667,0.966681100448903,0.3333333333333333,0.3333333333333333,0.3333333333333333,0.9660167352405388
2024-12-19,1.0015516661019408,1.0494451483234677,0.9929636202025546,0.3333333333333333,0.3333333333333333,0.3333333333333333,1.014653478209321
2024-12-20,1.0073889170505546,1.030401432141263,1.0124048186556887,0.3333333333333333,0.3333333333333333,0.3333333333333333,1.0167317226158352
2024-12-23,0.9987873552426586,1.0065955305495047,0.997605123654639,0.3333333333333333,0.3333333333333333,0.3333333333333333,1.0009960031489342
2024-12-24,1.011341180885579,1.00687106525471,1.0107178930470806,0.3333333333333333,0.3333333333333333,0.3333333333333333,1.009643379729123
2024-12-26,0.9959594238173322,0.9878486836162051,0.9982376373111831,0.3333333333333333,0.3333333333333333,0.3333333333333333,0.9940152482482401
2024-12-27,0.9837429667570612,0.9729792905434431,0.9883179840763433,0.3333333333333333,0.3333333333333333,0.3333333333333333,0.9816800804589492
2024-12-30,0.9932761790589457,0.9893949836085536,0.9891427614596868,0.3333333333333333,0.3333333333333333,0.3333333333333333,0.9906046413757287
2024-12-31,0.9984655708543214,0.9959727648655013,0.9987594298780518,0.3333333333333333,0.3333333333333333,0.3333333333333333,0.9977325885326248
2025-01-02,1.0002712308145187,1.0304321030906674,0.9897646975032459,0.3333333333333333,0.3333333333333333,0.3333333333333333,1.006822677136144
2025-01-03,1.0319916871330304,1.044521032869107,1.0129621432122329,0.3333333333333333,0.3333333333333333,0.3333333333333333,1.02982495440479
2025-01-06,1.017455769499036,1.048837824745654,1.0052064540659913,0.3333333333333333,0.3333333333333333,0.3333333333333333,1.0238333494368939
2025-01-07,0.986659556568588,0.9924592289274928,0.9909984335741301,0.3333333333333333,0.3333333333333333,0.3333333333333333,0.9900390730234035
2025-01-08,1.0034891702188522,0.9944644688384263,1.0098703941464842,0.3333333333333333,0.3333333333333333,0.3333333333333333,1.0026080110679207
2025-01-10,0.9893947315478356,1.0016915845630674,0.9821355358557846,0.3333333333333333,0.3333333333333333,0.3333333333333333,0.9910739506555624
2025-01-13,0.9983306739034484,0.9992099981631937,1.0126183715144188,0.3333333333333333,0.3333333333333333,0.3333333333333333,1.0033863478603535
2025-01-14,0.9978291297044835,1.0421200704128981,1.0141380589399744,0.3333333333333333,0.3333333333333333,0.3333333333333333,1.018029086352452
2025-01-15,1.0071734244888613,1.0124783188199609,1.0143893548501257,0.3333333333333333,0.3333333333333333,0.3333333333333333,1.0113470327196492
2025-01-16,1.0076186109317837,1.010257669111443,1.003565309123578,0.3333333333333333,0.3333333333333333,0.3333333333333333,1.007147196388935
2025-01-17,1.0031578204967573,1.0266240786617766,1.0163969143532334,0.3333333333333333,0.3333333333333333,0.3333333333333333,1.0153929378372557
2025-01-21,1.032777083346989,1.036346672616271,1.0133838830630304,0.3333333333333333,0.3333333333333333,0.3333333333333333,1.0275025463420966
2025-01-22,1.0380280641951205,1.0266827897613688,0.994207238452538,0.3333333333333333,0.3333333333333333,0.3333333333333333,1.0196393641363424
2025-01-23,0.9958516545850193,1.024841902882795,1.0083024876359545,0.3333333333333333,0.3333333333333333,0.3333333333333333,1.009665348367923
2025-01-24,0.9980793831418688,0.9606588970435783,0.9988973244147461,0.3333333333333333,0.3333333333333333,0.3333333333333333,0.9858785348667309
2025-01-27,0.8443545656586187,0.7847987675030472,0.9756085962988892,0.3333333333333333,0.3333333333333333,0.3333333333333333,0.8682539764868517
2025-01-28,1.0035951970227648,1.0761210506330359,1.005220379396061,0.3333333333333333,0.3333333333333333,0.3333333333333333,1.0283122090172871
2025-01-29,1.0157674094792006,0.9947342926883085,0.9993696628364968,0.3333333333333333,0.3333333333333333,0.3333333333333333,1.0032904550013353
2025-01-30,1.0299118410411277,1.0840481525838075,1.0571935873256708,0.3333333333333333,0.3333333333333333,0.3333333333333333,1.0570511936502018
2025-01-31,0.9979822540637472,0.9737295300722763,1.0044891869508414,0.3333333333333333,0.3333333333333333,0.3333333333333333,0.9920669903622883
2025-02-03,0.9662112169928206,0.9700440402794701,0.9840465192934861,0.3333333333333333,0.3333333333333333,0.3333333333333333,0.9734339255219255
2025-02-04,0.9977489560025639,0.9856790064536242,0.9912759112152193,0.3333333333333333,0.3333333333333333,0.3333333333333333,0.991567957890469
2025-02-05,1.0017475934774294,1.0319748612394917,0.9987964923580002,0.3333333333333333,0.3333333333333333,0.3333333333333333,1.0108396490249736
2025-02-06,1.001903336954651,1.0187535563475187,1.003962984357019,0.3333333333333333,0.3333333333333333,0.3333333333333333,1.0082066258863962
2025-02-07,0.9911350612349487,1.0083771347044044,0.9912605327451961,0.3333333333333333,0.3333333333333333,0.3333333333333333,0.9969242428948496
2025-02-10,1.0218176292276338,1.0185993272209886,0.9952042592698742,0.3333333333333333,0.3333333333333333,0.3333333333333333,1.0118737385728322
2025-02-11,0.9894648552782062,0.9685714283442829,1.0005142030333716,0.3333333333333333,0.3333333333333333,0.3333333333333333,0.9861834955519535
2025-02-12,0.9790526330162961,0.9912845920787554,0.996196816879602,0.3333333333333333,0.3333333333333333,0.3333333333333333,0.9888446806582177
2025-02-13,0.993319905449611,1.0017854666180341,1.0226998185201208,0.3333333333333333,0.3333333333333333,0.3333333333333333,1.0059350635292552
2025-02-14,1.0044183944038991,0.9926548854991991,1.0092674985121886,0.3333333333333333,0.3333333333333333,0.3333333333333333,1.0021135928050955
2025-02-18,1.012776096443392,1.0153975306363971,0.9931596634565706,0.3333333333333333,0.3333333333333333,0.3333333333333333,1.007111096845453
2025-02-19,0.9882155159658925,1.0052244556020498,1.008756587481362,0.3333333333333333,0.3333333333333333,0.3333333333333333,1.000732186349768
2025-02-20,0.9980285080548811,0.9586353128440022,0.9913194247353317,0.3333333333333333,0.3333333333333333,0.3333333333333333,0.9826610818780717
2025-02-21,0.9629234470311513,0.9115880884558218,0.9590341307969037,0.3333333333333333,0.3333333333333333,0.3333333333333333,0.9445152220946256
2025-02-24,0.9747116812549084,0.9634926253753405,0.9881706023630655,0.3333333333333333,0.3333333333333333,0.3333333333333333,0.9754583029977715
2025-02-25,0.9920646839711637,1.0056347146556741,0.997101905971284,0.3333333333333333,0.3333333333333333,0.3333333333333333,0.9982671015327073
2025-02-26,1.0340810864875678,1.0552423590138653,1.0052041673924035,0.3333333333333333,0.3333333333333333,0.3333333333333333,1.0315092042979455
2025-02-27,0.976559646491596,0.9732729745833324,0.9915378388782765,0.3333333333333333,0.3333333333333333,0.3333333333333333,0.9804568199844016
2025-02-28,1.0101247766262715,1.0272771106941838,1.0206258602198883,0.3333333333333333,0.3333333333333333,0.3333333333333333,1.019342582513448
2025-03-03,0.9493384692326234,0.9427173823512384,0.9731494094493643,0.3333333333333333,0.3333333333333333,0.3333333333333333,0.9550684203444088
2025-03-04,1.0027294047130804,0.9907907068204197,0.9605569401091799,0.3333333333333333,0.3333333333333333,0.3333333333333333,0.9846923505475599
2025-03-05,1.030477794420485,1.0119141649833654,1.0242438301671226,0.3333333333333333,0.3333333333333333,0.3333333333333333,1.022211929856991
2025-03-06,0.9646195064351502,0.9255365750633123,0.9857511139131495,0.3333333333333333,0.3333333333333333,0.3333333333333333,0.9586357318038706
2025-03-07,1.0267700827152135,0.9866648349887506,1.0060546980689649,0.3333333333333333,0.3333333333333333,0.3333333333333333,1.0064965385909763
2025-03-10,0.9777063892668766,0.9337367409049734,0.9556518239289298,0.3333333333333333,0.3333333333333333,0.3333333333333333,0.9556983180335932
2025-03-11,1.0169302782540304,1.0521227904666317,1.0075667216507982,0.3333333333333333,0.3333333333333333,0.3333333333333333,1.02553993012382
2025-03-12,1.034465836756968,1.0509130564203433,1.0031905316616705,0.3333333333333333,0.3333333333333333,0.3333333333333333,1.029523141612994
2025-03-13,0.9714422313360338,1.0052230569557923,0.9649509238017724,0.3333333333333333,0.3333333333333333,0.3333333333333333,0.9805387373645328
2025-03-14,1.0349310731272499,1.044597755707426,1.027431700147447,0.3333333333333333,0.3333333333333333,0.3333333333333333,1.0356535096607073
2025-03-17,1.0123292309403218,1.058444624361307,1.0225372946207243,0.3333333333333333,0.3333333333333333,0.3333333333333333,1.0311037166407844
2025-03-18,0.9778288394871598,0.9607483163867875,0.9916664787756485,0.3333333333333333,0.3333333333333333,0.3333333333333333,0.9767478782165319
2025-03-19,1.0134873270182492,1.0528954978883605,1.022079745256206,0.3333333333333333,0.3333333333333333,0.3333333333333333,1.029487523387605
2025-03-20,1.0032932262900696,1.0030673510144443,0.9916033575985973,0.3333333333333333,0.3333333333333333,0.3333333333333333,0.9993213116343703
2025-03-21,0.9996953756429241,0.9912122858252514,0.9958061037758309,0.3333333333333333,0.3333333333333333,0.3333333333333333,0.9955712550813354
2025-03-24,1.0250474167616679,1.0290532359073763,1.032920861156002,0.3333333333333333,0.3333333333333333,0.3333333333333333,1.0290071712750153
2025-03-25,0.9906219394405367,0.978548739194547,1.013663575561847,0.3333333333333333,0.3333333333333333,0.3333333333333333,0.9942780847323102
2025-03-26,0.9517334224433819,0.9449731885179486,0.9787367083693198,0.3333333333333333,0.3333333333333333,0.3333333333333333,0.9584811064435501
2025-03-27,0.9838539523204965,0.9537298837729101,0.9823532345559691,0.3333333333333333,0.3333333333333333,0.3333333333333333,0.9733123568831252
2025-03-28,0.9760065604381801,0.9997689761542379,0.9603520255338882,0.3333333333333333,0.3333333333333333,0.3333333333333333,0.9787091873754353
2025-03-31,0.9914653153933923,1.0077576071594132,1.0106745159558792,0.3333333333333333,0.3333333333333333,0.3333333333333333,1.0032991461695615
2025-04-01,1.0179155969584444,1.0339361666076126,1.0033066866554838,0.3333333333333333,0.3333333333333333,0.3333333333333333,1.0183861500738467
2025-04-02,1.0258040072814063,1.048029271231136,1.0313514970195061,0.3333333333333333,0.3333333333333333,0.3333333333333333,1.0350615918440162
2025-04-03,0.919003670161544,0.8998186843903693,0.8850837863854768,0.3333333333333333,0.3333333333333333,0.3333333333333333,0.90130204697913
2025-04-04,0.9450642072350908,0.9120473355793096,0.9291000403126756,0.3333333333333333,0.3333333333333333,0.3333333333333333,0.9287371943756919
2025-04-07,1.0240548362072985,1.053742486142573,1.0278793402826476,0.3333333333333333,0.3333333333333333,0.3333333333333333,1.0352255542108395
2025-04-08,0.9962367809822239,1.0028663789160337,0.988394400178185,0.3333333333333333,0.3333333333333333,0.3333333333333333,0.9958325200254807
2025-04-09,1.1275945417912354,1.1391473685749087,1.1343914908765782,0.3333333333333333,0.3333333333333333,0.3333333333333333,1.133711133747574
2025-04-10,0.9546176469656487,0.9484104432237465,0.9397417097920227,0.3333333333333333,0.3333333333333333,0.3333333333333333,0.9475899333271391
2025-04-11,1.0251550620809045,1.0370380501493215,1.0092647933554206,0.3333333333333333,0.3333333333333333,0.3333333333333333,1.0238193018618822
2025-04-14,1.0010807513957007,1.002706554646303,1.0074995817610242,0.3333333333333333,0.3333333333333333,0.3333333333333333,1.0037622959343426
2025-04-15,0.9974446559557123,1.0194230446707995,0.9976125394410067,0.3333333333333333,0.3333333333333333,0.3333333333333333,1.0048267466891727
2025-04-16,0.9712760164586125,0.9987826156622253,0.9845138478594416,0.3333333333333333,0.3333333333333333,0.3333333333333333,0.9848574933267598
2025-04-17,0.9968791725888343,0.9867036294252759,1.002770494875164,0.3333333333333333,0.3333333333333333,0.3333333333333333,0.9954510989630913
2025-04-21,0.967017080373515,0.9676402933925053,0.9755614354796694,0.3333333333333333,0.3333333333333333,0.3333333333333333,0.9700729364152298
2025-04-22,1.0286737869825981,1.0414910823845993,1.0353745313662277,0.3333333333333333,0.3333333333333333,0.3333333333333333,1.035179800244475
2025-04-23,1.0327825527416463,1.03072947649162,1.024988943885274,0.3333333333333333,0.3333333333333333,0.3333333333333333,1.0295003243728467
2025-04-24,1.041210156774069,1.07259959320684,1.0275475013000221,0.3333333333333333,0.3333333333333333,0.3333333333333333,1.0471190837603104
2025-04-25,1.0062714006257585,1.0330938395211877,1.0020275821517322,0.3333333333333333,0.3333333333333333,0.3333333333333333,1.0137976074328927
2025-04-28,0.9962605464752837,0.993663077553409,0.9984448115614178,0.3333333333333333,0.3333333333333333,0.3333333333333333,0.9961228118633702
2025-04-29,1.010252410677382,1.0030536627423392,1.0094625063926772,0.3333333333333333,0.3333333333333333,0.3333333333333333,1.0075895266041328
2025-04-30,1.012659506704565,0.9990031735631544,1.003849125900772,0.3333333333333333,0.3333333333333333,0.3333333333333333,1.0051706020561637
2025-05-01,1.0247647590466684,1.030931381613534,1.0083628953113135,0.3333333333333333,0.3333333333333333,0.3333333333333333,1.0213530119905052
2025-05-02,0.9935357064771613,1.0366999553500105,1.0145872310955182,0.3333333333333333,0.3333333333333333,0.3333333333333333,1.0149409643075633
2025-05-05,0.9996986938403821,1.0120609604502857,0.9960421597801331,0.3333333333333333,0.3333333333333333,0.3333333333333333,1.002600604690267
2025-05-06,0.9984258082660317,1.0003240697672646,0.9957020030049831,0.3333333333333333,0.3333333333333333,0.3333333333333333,0.9981506270127597
2025-05-07,1.0137200127790829,1.0139072363060087,1.014822871929928,0.3333333333333333,0.3333333333333333,0.3333333333333333,1.0141500403383397
2025-05-08,1.016015705967101,0.9685110804287297,1.0296618307126058,0.3333333333333333,0.3333333333333333,0.3333333333333333,1.0047295390361455
2025-05-09,1.0092170791561792,1.0133502391961198,1.012334101531951,0.3333333333333333,0.3333333333333333,0.3333333333333333,1.0116338066280832
2025-05-12,1.039435758707713,1.043505518259197,1.032690351469288,0.3333333333333333,0.3333333333333333,0.3333333333333333,1.0385438761453993
2025-05-13,1.0268870420649838,1.0400835193527758,1.0144446612953115,0.3333333333333333,0.3333333333333333,0.3333333333333333,1.0271384075710237
2025-05-14,0.9949810914714303,0.9988691624002639,0.9946787802603139,0.3333333333333333,0.3333333333333333,0.3333333333333333,0.9961763447106693
2025-05-15,0.9931021013023277,0.9864383983959568,0.9967843673138227,0.3333333333333333,0.3333333333333333,0.3333333333333333,0.9921082890040357
2025-05-16,1.0068845050178616,1.0025529519043632,1.0115365926010538,0.3333333333333333,0.3333333333333333,0.3333333333333333,1.0069913498410927
2025-05-19,1.0006687140875767,1.0433117437544432,0.9983539075287285,0.3333333333333333,0.3333333333333333,0.3333333333333333,1.0141114551235828
2025-05-20,0.9968415749205543,1.00770263863397,1.001133463875937,0.3333333333333333,0.3333333333333333,0.3333333333333333,1.0018925591434868
2025-05-21,0.9819649810589085,1.0066437352688966,0.9731344753697309,0.3333333333333333,0.3333333333333333,0.3333333333333333,0.9872477305658452
2025-05-22,0.9960910615153307,1.0127806656785738,0.9933057256614594,0.3333333333333333,0.3333333333333333,0.3333333333333333,1.0007258176184546
2025-05-23,0.9999687503876153,1.012139902141666,0.9963643185291163,0.3333333333333333,0.3333333333333333,0.3333333333333333,1.0028243236861325
2025-05-27,1.0221143590783057,1.0153318618093423,1.0243525136136429,0.3333333333333333,0.3333333333333333,0.3333333333333333,1.020599578167097
2025-05-28,0.9924122670732223,1.0286314733059512,0.9931287790270064,0.3333333333333333,0.3333333333333333,0.3333333333333333,1.004724173135393
2025-05-29,0.9973592142595984,0.9714644361543425,1.0013957826408104,0.3333333333333333,0.3333333333333333,0.3333333333333333,0.9900731443515838
2025-05-30,0.9858071383933982,1.0038415540855452,0.9962081465933572,0.3333333333333333,0.3333333333333333,0.3333333333333333,0.9952856130241001
2025-06-02,0.9958150580778076,1.025751608586413,0.9933805166490639,0.3333333333333333,0.3333333333333333,0.3333333333333333,1.0049823944377614
2025-06-03,1.0218905049715632,1.0160978080622685,1.0066788840617074,0.3333333333333333,0.3333333333333333,0.3333333333333333,1.014889065698513
2025-06-04,1.003805530440217,0.9901819445432799,1.0006468597063736,0.3333333333333333,0.3333333333333333,0.3333333333333333,0.9982114448966234
2025-06-05,0.9981656104100075,0.9921741918380643,0.9952339745390517,0.3333333333333333,0.3333333333333333,0.3333333333333333,0.9951912589290411
2025-06-06,1.0152230134737603,1.0014246819710095,1.0140339667809681,0.3333333333333333,0.3333333333333333,0.3333333333333333,1.0102272207419127
2025-06-09,0.982983802981998,0.9896907951122463,0.9979440835859893,0.3333333333333333,0.3333333333333333,0.3333333333333333,0.9902062272267445
2025-06-10,0.9951812009986671,0.9693958141078041,1.0015675388583012,0.3333333333333333,0.3333333333333333,0.3333333333333333,0.9887148513215906
2025-06-11,1.0045337386343522,1.0390277039691045,1.0012222642592221,0.3333333333333333,0.3333333333333333,0.3333333333333333,1.0149279022875595
2025-06-12,1.014214968340621,1.0086872506270383,0.9927203670161662,0.3333333333333333,0.3333333333333333,0.3333333333333333,1.0052075286612752
2025-06-13,0.979778516732362,0.9810937277849263,0.9808507401148001,0.3333333333333333,0.3333333333333333,0.3333333333333333,0.9805743282106961
2025-06-16,1.0443366974360226,1.019709511540023,1.011848427549766,0.3333333333333333,0.3333333333333333,0.3333333333333333,1.0252982121752705
2025-06-17,0.9778112790100075,1.001598749836931,0.9854497049346242,0.3333333333333333,0.3333333333333333,0.3333333333333333,0.9882865779271875
2025-06-18,1.0131614220556684,1.003130996382252,1.0001224307709211,0.3333333333333333,0.3333333333333333,0.3333333333333333,1.0054716164029471
2025-06-20,0.9891596749829328,0.993410708072012,1.000674655374086,0.3333333333333333,0.3333333333333333,0.3333333333333333,0.9944150128096769
2025-06-23,1.0051927295448546,1.0265319319637944,1.017602971915134,0.3333333333333333,0.3333333333333333,0.3333333333333333,1.0164425444745944
2025-06-24,1.0309655699713285,1.0219252183328966,1.0166059911851317,0.3333333333333333,0.3333333333333333,0.3333333333333333,1.0231655931631187
2025-06-25,0.9973489303086238,0.9840068664993109,0.9974231344051081,0.3333333333333333,0.3333333333333333,0.3333333333333333,0.9929263104043475
2025-06-26,1.0169125900147626,1.008235933411364,1.0270226467549926,0.3333333333333333,0.3333333333333333,0.3333333333333333,1.0173903900603731
2025-06-27,1.014620578449092,1.0253545126245731,1.012765442733206,0.3333333333333333,0.3333333333333333,0.3333333333333333,1.0175801779356237
2025-06-30,1.0106445124559316,1.0182622226151117,0.9970451078268039,0.3333333333333333,0.3333333333333333,0.3333333333333333,1.0086506142992824
2025-07-01,0.9945377113162617,0.9562504688977317,1.0068865647598344,0.3333333333333333,0.3333333333333333,0.3333333333333333,0.9858915816579424
2025-07-02,1.008872232975873,0.9981620853691309,1.011631177536576,0.3333333333333333,0.3333333333333333,0.3333333333333333,1.0062218319605267
2025-07-03,1.0112510883409658,1.023699508177572,1.0108087232324943,0.3333333333333333,0.3333333333333333,0.3333333333333333,1.0152531065836774
2025-07-07,0.9897023479717104,1.0256075358329344,0.9825349395378972,0.3333333333333333,0.3333333333333333,0.3333333333333333,0.9992816077808473
2025-07-08,0.9957878927752096,0.9994719162817739,1.0004670199405317,0.3333333333333333,0.3333333333333333,0.3333333333333333,0.9985756096658384
2025-07-09,1.0078435896655358,1.010886834580914,1.0009478866152035,0.3333333333333333,0.3333333333333333,0.3333333333333333,1.0065594369538844
2025-07-10,0.9940519267762059,1.006700551706044,1.0094827668713953,0.3333333333333333,0.3333333333333333,0.3333333333333333,1.003411748451215
2025-07-11,1.0083324507041913,0.9996293742458197,1.0008539717010259,0.3333333333333333,0.3333333333333333,0.3333333333333333,1.002938598883679
2025-07-14,0.9990849427235269,1.0294528679234494,0.9960556023742685,0.3333333333333333,0.3333333333333333,0.3333333333333333,1.0081978043404147
2025-07-15,1.0050512628071333,1.0082337643187456,0.9951550024843592,0.3333333333333333,0.3333333333333333,0.3333333333333333,1.0028133432034125
2025-07-16,1.0021542268901875,1.0027877583915037,1.0022296505293857,0.3333333333333333,0.3333333333333333,0.3333333333333333,1.0023905452703588
2025-07-17,1.0491332622019018,1.016037914675412,1.0183604559921526,0.3333333333333333,0.3333333333333333,0.3333333333333333,1.0278438776231553
2025-07-18,0.9944841666399077,1.0077694881971282,0.9990599086092249,0.3333333333333333,0.3333333333333333,0.3333333333333333,1.0004378544820869
2025-07-21,0.9868997748178391,0.9853052500381375,0.9842784416469635,0.3333333333333333,0.3333333333333333,0.3333333333333333,0.9854944888343133
2025-07-22,0.9972970914175485,0.9701012037050042,1.0139197367088433,0.3333333333333333,0.3333333333333333,0.3333333333333333,0.9937726772771319
2025-07-23,1.0203676391338419,1.1457950280765072,1.0097764592845884,0.3333333333333333,0.3333333333333333,0.3333333333333333,1.0586463754983124
2025-07-24,1.012255243237898,0.9919558177484066,1.001991368285526,0.3333333333333333,0.3333333333333333,0.3333333333333333,1.0020674764239434
2025-07-25,1.0188882260212258,1.0330465702985563,1.0126092947160428,0.3333333333333333,0.3333333333333333,0.3333333333333333,1.0215146970119415
2025-07-28,1.0015044232531203,1.004762663600957,1.000324735576328,0.3333333333333333,0.3333333333333333,0.3333333333333333,1.0021972741434684
2025-07-29,0.9929981313153782,0.9768550397776568,0.9943172645431728,0.3333333333333333,0.3333333333333333,0.3333333333333333,0.9880568118787358
2025-07-30,1.0002051730522294,1.0352949283032056,0.9961488619672639,0.3333333333333333,0.3333333333333333,0.3333333333333333,1.0105496544408996
2025-07-31,0.9862339870036239,1.0080763192990883,0.9998224594886362,0.3333333333333333,0.3333333333333333,0.3333333333333333,0.9980442552637827
2025-08-01,0.9910844145969891,0.9942602208534783,0.9729880209112735,0.3333333333333333,0.3333333333333333,0.3333333333333333,0.9861108854539137
2025-08-04,1.0091007207641947,1.0095506179397984,1.0097032846255614,0.3333333333333333,0.3333333333333333,0.3333333333333333,1.0094515411098515
2025-08-05,0.92642159333159,0.980309892527121,0.9942146108880802,0.3333333333333333,0.3333333333333333,0.3333333333333333,0.9669820322489303
2025-08-06,1.004797352539719,1.0228252070660009,0.9751706040814077,0.3333333333333333,0.3333333333333333,0.3333333333333333,1.0009310545623757
2025-08-07,1.0085124825120366,0.9718757331718937,1.040494661968536,0.3333333333333333,0.3333333333333333,0.3333333333333333,1.0069609592174886
2025-08-08,1.0074412564659616,1.0050011402804324,1.003281048353386,0.3333333333333333,0.3333333333333333,0.3333333333333333,1.0052411483665933
2025-08-11,0.9924759322984068,1.002572715817483,1.0040124149765468,0.3333333333333333,0.3333333333333333,0.3333333333333333,0.9996870210308122
2025-08-12,1.008858346044876,1.0102650194755758,1.0292611445357516,0.3333333333333333,0.3333333333333333,0.3333333333333333,1.0161281700187343
2025-08-13,0.9840077998250513,0.9648180414291075,1.013310561820123,0.3333333333333333,0.3333333333333333,0.3333333333333333,0.9873788010247606
2025-08-14,0.9933145455433131,0.9857484195541901,0.9780723702186178,0.3333333333333333,0.3333333333333333,0.3333333333333333,0.9857117784387069
2025-08-15,0.9885384176688328,0.9946261836232714,0.9793651096519975,0.3333333333333333,0.3333333333333333,0.3333333333333333,0.9875099036480337
2025-08-18,1.007036394913269,1.0050008440263825,1.0085483875592895,0.3333333333333333,0.3333333333333333,0.3333333333333333,1.006861875499647
2025-08-19,0.9872701465959013,0.9649770321870247,1.010907363344151,0.3333333333333333,0.3333333333333333,0.3333333333333333,0.9877181807090256
2025-08-20,0.9920344060877628,1.0024207417187498,0.9983069729535082,0.3333333333333333,0.3333333333333333,0.3333333333333333,0.9975873735866736
2025-08-21,0.9975738498569765,1.0023320699770666,0.9866481780114769,0.3333333333333333,0.3333333333333333,0.3333333333333333,0.9955180326151732
2025-08-22,1.006456591843914,1.0017657674782579,1.0263009947582946,0.3333333333333333,0.3333333333333333,0.3333333333333333,1.0115077846934888
2025-08-25,0.9946780215902353,0.9921589497674033,0.9973017943656668,0.3333333333333333,0.3333333333333333,0.3333333333333333,0.9947129219077684
2025-08-26,1.0181049536051883,1.0391825332050204,1.014994008780339,0.3333333333333333,0.3333333333333333,0.3333333333333333,1.024093831863516
2025-08-27,0.9982387872544896,0.9943762293756003,1.0086008323704319,0.3333333333333333,0.3333333333333333,0.3333333333333333,1.0004052830001737
2025-08-28,1.0112122493447417,1.0181558046921342,0.9983595865478402,0.3333333333333333,0.3333333333333333,0.3333333333333333,1.009242546861572
2025-08-29,0.9825520791598898,0.9673025703608247,0.9902325505591556,0.3333333333333333,0.3333333333333333,0.3333333333333333,0.98002906669329
2025-09-02,0.984561876323088,0.9456907232495653,0.989941379100384,0.3333333333333333,0.3333333333333333,0.3333333333333333,0.9733979928910125
2025-09-03,0.9977891517547763,0.9954457439360088,0.9981331594421395,0.3333333333333333,0.3333333333333333,0.3333333333333333,0.9971226850443081
2025-09-04,1.0152482589662408,1.0377269745012092,1.0112621172810028,0.3333333333333333,0.3333333333333333,0.3333333333333333,1.0214124502494841
2025-09-05,1.0023261154861443,0.9720612595248955,1.0021136132221684,0.3333333333333333,0.3333333333333333,0.3333333333333333,0.992166996077736
2025-09-08,1.0013178717627784,1.0311812306947,1.0021357130376387,0.3333333333333333,0.3333333333333333,0.3333333333333333,1.0115449384983723
2025-09-09,0.9963948249725926,1.0091131610678359,0.9935014804692547,0.3333333333333333,0.3333333333333333,0.3333333333333333,0.9996698221698944
2025-09-10,1.0402607783944962,1.0625062838393582,1.0132938225436607,0.3333333333333333,0.3333333333333333,0.3333333333333333,1.038686961592505
2025-09-11,0.9940095377316187,0.9853782796073639,1.005736423556809,0.3333333333333333,0.3333333333333333,0.3333333333333333,0.9950414136319304
2025-09-12,1.0161631635593633,0.9864384450260286,0.9858512213668638,0.3333333333333333,0.3333333333333333,0.3333333333333333,0.9961509433174185
2025-09-15,1.0263459866598041,1.0050036086347631,1.0015551205736495,0.3333333333333333,0.3333333333333333,0.3333333333333333,1.010968238622739
2025-09-16,0.988416674788284,0.9828687573719574,0.992223215943959,0.3333333333333333,0.3333333333333333,0.3333333333333333,0.9878362160347334
2025-09-17,0.9788787868610336,0.9949507528205104,0.9793780474633327,0.3333333333333333,0.3333333333333333,0.3333333333333333,0.9844025290482922
2025-09-18,1.0217971250621192,0.9938354255028303,1.0232904002864975,0.3333333333333333,0.3333333333333333,0.3333333333333333,1.0129743169504821
2025-09-19,1.0086999389946336,1.0215546848168846,0.9999735042886478,0.3333333333333333,0.3333333333333333,0.3333333333333333,1.0100760427000552
2025-09-22,1.0101735419358902,1.0323631072117252,1.0056505633495108,0.3333333333333333,0.3333333333333333,0.3333333333333333,1.0160624041657087
2025-09-23,0.974121677902551,0.9829909832427192,1.0002894996021199,0.3333333333333333,0.3333333333333333,0.3333333333333333,0.98580072024913
2025-09-24,1.0100129503296722,0.9929904406236284,0.9849902106029286,0.3333333333333333,0.3333333333333333,0.3333333333333333,0.9959978671854097
2025-09-25,0.9799307297442806,0.9658966976706703,0.9950851804442418,0.3333333333333333,0.3333333333333333,0.3333333333333333,0.9803042026197308
2025-09-26,1.0023030446961485,0.9961316939026172,1.0075696343795784,0.3333333333333333,0.3333333333333333,0.3333333333333333,1.002001457659448
2025-09-29,1.0042945724397978,0.9954724816765437,1.0037963490513955,0.3333333333333333,0.3333333333333333,0.3333333333333333,1.0011878010559123
2025-09-30,1.0193380949226947,1.0206995231040983,1.006077821875562,0.3333333333333333,0.3333333333333333,0.3333333333333333,1.015371813300785
2025-10-01,0.9989045111947704,0.985769974924514,0.9961352157623182,0.3333333333333333,0.3333333333333333,0.3333333333333333,0.9936032339605342
2025-10-02,1.0078108814988302,1.000131938297663,1.0038665224687384,0.3333333333333333,0.3333333333333333,0.3333333333333333,1.0039364474217438
2025-10-03,0.9912409611927202,0.9814591640794337,1.0067137598780906,0.3333333333333333,0.3333333333333333,0.3333333333333333,0.9931379617167482
2025-10-06,1.0175655588706518,1.0138321070371588,1.0002751383195736,0.3333333333333333,0.3333333333333333,0.3333333333333333,1.010557601409128
2025-10-07,0.9761064971904719,1.0048075154146094,0.9832861031178378,0.3333333333333333,0.3333333333333333,0.3333333333333333,0.9880667052409731
2025-10-08,1.0155281356071728,1.0318915130916422,1.0035435681333815,0.3333333333333333,0.3333333333333333,0.3333333333333333,1.0169877389440654
2025-10-09,1.0013007415239954,1.0141018307950402,0.9806196329952401,0.3333333333333333,0.3333333333333333,0.3333333333333333,0.9986740684380919
2025-10-10,0.9784988892609352,0.9531586520210757,0.9701111887556645,0.3333333333333333,0.3333333333333333,0.3333333333333333,0.9672562433458918
2025-10-13,1.0170424103642943,1.0722675270201347,1.0167444989608554,0.3333333333333333,0.3333333333333333,0.3333333333333333,1.0353514787817615
2025-10-14,0.9972826933743838,0.9940762741598976,1.0107319606842056,0.3333333333333333,0.3333333333333333,0.3333333333333333,1.0006969760728288
2025-10-15,1.019687464127989,0.9558356559506047,1.0018737466067114,0.3333333333333333,0.3333333333333333,0.3333333333333333,0.9924656222284349
2025-10-16,0.9839410898579494,0.977352107989612,0.9841433956716894,0.3333333333333333,0.3333333333333333,0.3333333333333333,0.9818121978397502
2025-10-17,0.9939030002274296,0.9966776868754158,1.0102319011581313,0.3333333333333333,0.3333333333333333,0.3333333333333333,1.000270862753659
2025-10-20,1.0117599455504172,0.990529432984753,1.0087514995107125,0.3333333333333333,0.3333333333333333,0.3333333333333333,1.0036802926819608
2025-10-21,0.9888002222041652,0.9852879630921326,1.0240806618426328,0.3333333333333333,0.3333333333333333,0.3333333333333333,0.9993896157129768
2025-10-22,0.9655654480926987,0.9840601637221735,0.9783065394113752,0.3333333333333333,0.3333333333333333,0.3333333333333333,0.9759773837420824
2025-10-23,1.032723083706194,1.0332467119618876,1.033464141130924,0.3333333333333333,0.3333333333333333,0.3333333333333333,1.0331446455996685
2025-10-24,1.010445825377091,0.9819203900316661,1.0075698808953997,0.3333333333333333,0.3333333333333333,0.3333333333333333,0.9999786987680522
2025-10-27,1.0091683657392365,1.0,1.0028237130155413,0.3333333333333333,0.3333333333333333,0.3333333333333333,1.0039973595849259
2025-10-28,0.990177517853071,0.9770530063369741,0.9907386559900634,0.3333333333333333,0.3333333333333333,0.3333333333333333,0.9859897267267027
2025-10-29,1.0312226084526197,1.0122421381049247,1.010456180366769,0.3333333333333333,0.3333333333333333,0.3333333333333333,1.0179736423081045
2025-10-30,0.9879820046822121,0.9932522450835513,0.9991225649632391,0.3333333333333333,0.3333333333333333,0.3333333333333333,0.9934522715763341
2025-10-31,0.9960061787558022,1.0192833720307426,0.9980371248094194,0.3333333333333333,0.3333333333333333,0.3333333333333333,1.0044422251986547
2025-11-03,1.0131303083694754,0.9933690832894736,0.9987707008125948,0.3333333333333333,0.3333333333333333,0.3333333333333333,1.0017566974905145
2025-11-04,0.9771063339341854,0.9427106958273742,0.9962558418423798,0.3333333333333333,0.3333333333333333,0.3333333333333333,0.9720242905346465
2025-11-05,1.0232557495160044,1.0214248668544181,1.0067102456443187,0.3333333333333333,0.3333333333333333,0.3333333333333333,1.017130287338247
2025-11-06,0.9791407198614733,0.9829730591493191,1.0775043634018977,0.3333333333333333,0.3333333333333333,0.3333333333333333,1.0132060474708966
2025-11-07,0.9903815823785898,1.0453678163856337,1.0140085266667633,0.3333333333333333,0.3333333333333333,0.3333333333333333,1.0165859751436623
2025-11-10,1.0155176074195291,1.008119820107888,0.995995253644707,0.3333333333333333,0.3333333333333333,0.3333333333333333,1.0065442270573746
2025-11-11,0.969280990725615,0.9935840818272539,1.0205798111992352,0.3333333333333333,0.3333333333333333,0.3333333333333333,0.994481627917368
2025-11-12,1.0040498690079556,0.9988196291242032,0.9957922028417829,0.3333333333333333,0.3333333333333333,0.3333333333333333,0.9995539003246471
2025-11-13,0.9585003411692428,0.9700554185066478,0.9855089441737813,0.3333333333333333,0.3333333333333333,0.3333333333333333,0.971354901283224
2025-11-14,0.9952551649326101,1.0360823427194603,0.9881344915823563,0.3333333333333333,0.3333333333333333,0.3333333333333333,1.0064906664114757
2025-11-17,0.9726439257187031,0.9977693673593143,0.9868020702444243,0.3333333333333333,0.3333333333333333,0.3333333333333333,0.9857384544408139
2025-11-18,0.9869876433258842,0.961716962544397,0.9955297581152796,0.3333333333333333,0.3333333333333333,0.3333333333333333,0.9814114546618535
2025-11-19,1.021756369567634,1.0728741363238277,1.0041232518303838,0.3333333333333333,0.3333333333333333,0.3333333333333333,1.032917919240615
2025-11-20,0.9494865600455562,0.9372827972440311,0.9984525685487639,0.3333333333333333,0.3333333333333333,0.3333333333333333,0.961740641946117
2025-11-21,1.0107254070560752,0.9960754682429778,1.0246155231589629,0.3333333333333333,0.3333333333333333,0.3333333333333333,1.0104721328193385
2025-11-24,0.9961412471775635,1.0443472301343544,1.0005360260142337,0.3333333333333333,0.3333333333333333,0.3333333333333333,1.0136748344420505
2025-11-25,1.0188239156620797,0.9863391340941315,1.0143091081075462,0.3333333333333333,0.3333333333333333,0.3333333333333333,1.0064907192879191
2025-11-26,1.0149711641982506,1.0299705729647013,1.0110910826380712,0.3333333333333333,0.3333333333333333,0.3333333333333333,1.018677606600341
2025-11-28,1.0122918705653992,1.017042131083048,1.0002437996665343,0.3333333333333333,0.3333333333333333,0.3333333333333333,1.0098592671049937
2025-12-01,0.982132907764937,0.9618687297905287,0.9935244184764634,0.3333333333333333,0.3333333333333333,0.3333333333333333,0.979175352010643
2025-12-02,0.9805716964600695,1.0427803300001652,1.0032939358664323,0.3333333333333333,0.3333333333333333,0.3333333333333333,1.0088819874422223
2025-12-03,1.0073850174585286,1.0006481709033643,1.0119449025245493,0.3333333333333333,0.3333333333333333,0.3333333333333333,1.006659363628814
2025-12-04,1.010012744740736,1.0450854021178617,1.0051311397825928,0.3333333333333333,0.3333333333333333,0.3333333333333333,1.020076428880397
2025-12-05,0.9962529740224253,1.0035129833983094,1.0072568626906286,0.3333333333333333,0.3333333333333333,0.3333333333333333,1.002340940037121
2025-12-08,1.0169698095903397,0.9850788373050074,0.9996249645857923,0.3333333333333333,0.3333333333333333,0.3333333333333333,1.000557870493713
2025-12-09,0.9952531280634532,1.0054670209796808,0.980970175484188,0.3333333333333333,0.3333333333333333,0.3333333333333333,0.9938967748424407
2025-12-10,1.0342053067514916,1.156245070221548,1.030500736534968,0.3333333333333333,0.3333333333333333,0.3333333333333333,1.073650371169336
2025-12-11,0.9912575346127754,0.9739972812642147,1.0111105268225329,0.3333333333333333,0.3333333333333333,0.3333333333333333,0.992121780899841
2025-12-12,0.9475397621455822,0.9538625450078488,0.9841401773947701,0.3333333333333333,0.3333333333333333,0.3333333333333333,0.9618474948494002
2025-12-15,1.0037048920812752,1.0143514148604338,0.9984177980131189,0.3333333333333333,0.3333333333333333,0.3333333333333333,1.005491368318276
2025-12-16,0.9901564181445306,1.0071474677179018,0.9898355645565097,0.3333333333333333,0.3333333333333333,0.3333333333333333,0.9957131501396473
2025-12-17,0.9572334454613105,0.8950337042345871,0.9870781853953597,0.3333333333333333,0.3333333333333333,0.3333333333333333,0.9464484450304191
2025-12-18,1.0004116370323644,1.0410947590146604,1.0055144851796969,0.3333333333333333,0.3333333333333333,0.3333333333333333,1.0156736270755737
2025-12-19,1.005855179901724,1.0294795087850896,1.0079036697354595,0.3333333333333333,0.3333333333333333,0.3333333333333333,1.0144127861407575
2025-12-22,1.0081498632867267,1.0053623626519523,1.013328605843886,0.3333333333333333,0.3333333333333333,0.3333333333333333,1.0089469439275216
2025-12-23,1.0075532750500094,0.9994560684795932,1.0007557963921023,0.3333333333333333,0.3333333333333333,0.3333333333333333,1.0025883799739015
2025-12-24,1.0026641571959252,1.0088744200950615,1.0006988531030259,0.3333333333333333,0.3333333333333333,0.3333333333333333,1.0040791434646708
2025-12-26,0.9953656669365223,0.9942157160488716,1.0003605043775186,0.3333333333333333,0.3333333333333333,0.3333333333333333,0.9966472957876374
2025-12-29,0.9977651364719818,1.0,1.0027812047396902,0.3333333333333333,0.3333333333333333,0.3333333333333333,1.000182113737224
2025-12-30,0.9981644626562549,0.994242216919669,0.9980574344784149,0.3333333333333333,0.3333333333333333,0.3333333333333333,0.9968213713514462
2025-12-31,0.9926760165061098,0.9907980709461253,0.9889067148641443,0.3333333333333333,0.3333333333333333,0.3333333333333333,0.9907936007721263
2026-01-02,1.0276285659956097,1.039750803881072,1.017088309622948,0.3333333333333333,0.3333333333333333,0.3333333333333333,1.0281558931665433
2026-01-05,0.9845713308188483,1.0026655679900163,1.0144409814084028,0.3333333333333333,0.3333333333333333,0.3333333333333333,1.0005592934057557
2026-01-06,1.033234012638622,1.0080339282461117,1.0241154559740842,0.3333333333333333,0.3333333333333333,0.3333333333333333,1.0217944656196059
2026-01-07,0.969066283637584,0.9650168379080507,0.9780675301255543,0.3333333333333333,0.3333333333333333,0.3333333333333333,0.9707168838903963
2026-01-08,0.9935227072942964,0.9487861244919613,0.9978862996676399,0.3333333333333333,0.3333333333333333,0.3333333333333333,0.9800650438179658
2026-01-09,1.0122591135653065,0.9906109966252924,1.0160182062256664,0.3333333333333333,0.3333333333333333,0.3333333333333333,1.0062961054720885
2026-01-12,1.0141443662997731,1.0277430040353674,1.0086319959663184,0.3333333333333333,0.3333333333333333,0.3333333333333333,1.016839788767153
2026-01-13,1.0099666069696291,1.0192569306154258,1.0101297866753578,0.3333333333333333,0.3333333333333333,0.3333333333333333,1.0131177747534708
2026-01-14,0.9962692735727512,0.9878697838590831,0.9977195061838703,0.3333333333333333,0.3333333333333333,0.3333333333333333,0.9939528545385681
2026-01-15,1.0070061382622364,0.9969728476856979,1.008940282877437,0.3333333333333333,0.3333333333333333,0.3333333333333333,1.0043064229417902
2026-01-16,1.0308582513289353,1.0612242161587693,0.9996718221133112,0.3333333333333333,0.3333333333333333,0.3333333333333333,1.0305847632003386
2026-01-20,0.9820799889980747,1.0048565530086784,0.9843476945853317,0.3333333333333333,0.3333333333333333,0.3333333333333333,0.9904280788640282
2026-01-21,1.0010959892141496,0.9752212531428447,1.0169985075320673,0.3333333333333333,0.3333333333333333,0.3333333333333333,0.9977719166296872
2026-01-22,0.9884010280646834,0.990687079677512,0.9936315953162992,0.3333333333333333,0.3333333333333333,0.3333333333333333,0.9909065676861648
2026-01-23,0.9915578649931086,0.9941209589957772,0.9879906544098941,0.3333333333333333,0.3333333333333333,0.3333333333333333,0.9912231594662599
2026-01-26,1.0032003192626855,1.012481343811902,1.0054526978150837,0.3333333333333333,0.3333333333333333,0.3333333333333333,1.0070447869632237
2026-01-27,1.0268148086285123,1.040105691103134,0.9924119703299514,0.3333333333333333,0.3333333333333333,0.3333333333333333,1.0197774900205325
2026-01-28,1.0179664741459151,1.0272701271995244,0.989524526233857,0.3333333333333333,0.3333333333333333,0.3333333333333333,1.0115870425264322
2026-01-29,1.0202982286986855,1.0081507804262833,1.035066104034735,0.3333333333333333,0.3333333333333333,0.3333333333333333,1.021171704386568
2026-01-30,0.9916755009832815,1.0125175635704413,0.9867566440532008,0.3333333333333333,0.3333333333333333,0.3333333333333333,0.9969832362023078
2026-02-02,1.0228216528795675,1.039373854326013,1.0172678481124071,0.3333333333333333,0.3333333333333333,0.3333333333333333,1.0264877851059957
2026-02-03,1.0085966884046336,1.0334847576268895,1.0129517334277875,0.3333333333333333,0.3333333333333333,0.3333333333333333,1.0183443931531035
2026-02-04,1.006813143638091,0.9563857390757121,1.0037953235243517,0.3333333333333333,0.3333333333333333,0.3333333333333333,0.9889980687460516
2026-02-05,0.971698736833996,0.9883547149409523,0.9996177745895762,0.3333333333333333,0.3333333333333333,0.3333333333333333,0.9865570754548414
2026-02-06,1.0539937952730936,1.0567027113816887,1.0110476056078967,0.3333333333333333,0.3333333333333333,0.3333333333333333,1.0405813707542264
2026-02-09,1.0086673043399998,1.0284725055800208,1.0024373648844924,0.3333333333333333,0.3333333333333333,0.3333333333333333,1.0131923916015042
2026-02-10,1.0010873431418372,0.9865882839682594,1.0129741092755629,0.3333333333333333,0.3333333333333333,0.3333333333333333,1.0002165787952197
2026-02-11,1.0493283987070474,1.0415787251516067,1.0042962519228995,0.3333333333333333,0.3333333333333333,0.3333333333333333,1.031734458593851
2026-02-12,0.9854578064110924,0.9913678905399287,0.9863229567825411,0.3333333333333333,0.3333333333333333,0.3333333333333333,0.9877162179111874
2026-02-13,0.9972331265112047,0.9823283223267099,1.0198938892095326,0.3333333333333333,0.3333333333333333,0.3333333333333333,0.9998184460158157
2026-02-17,1.0057546959039383,1.0212184932172268,1.0081657176768104,0.3333333333333333,0.3333333333333333,0.3333333333333333,1.0117129689326583
2026-02-18,0.9716212935646704,0.9980467228312446,0.9876922066774537,0.3333333333333333,0.3333333333333333,0.3333333333333333,0.9857867410244563
2026-02-19,0.991955326089974,1.020867216607837,1.0149774475117812,0.3333333333333333,0.3333333333333333,0.3333333333333333,1.0092666634031975
2026-02-20,0.9895580078134534,0.9948838671428465,1.0096696709833377,0.3333333333333333,0.3333333333333333,0.3333333333333333,0.9980371819798791
2026-02-23,0.9696555309834007,1.0016378998959183,0.9870283526261568,0.3333333333333333,0.3333333333333333,0.3333333333333333,0.9861072611684919
2026-02-24,1.0345533047944058,1.0577491174033131,1.0139251494041688,0.3333333333333333,0.3333333333333333,0.3333333333333333,1.0354091905339624
2026-02-25,0.9972499758435518,0.9957714745482144,0.9890324671597095,0.3333333333333333,0.3333333333333333,0.3333333333333333,0.9940179725171584
2026-02-26,1.002837817003661,1.0005137384781824,1.0031330211114353,0.3333333333333333,0.3333333333333333,0.3333333333333333,1.002161525531093
2026-02-27,1.0035506114350061,0.9967367983386526,0.9942954234045972,0.3333333333333333,0.3333333333333333,0.3333333333333333,0.9981942777260853
2026-03-02,1.0039369545061765,1.0086767635048544,1.0022096588149312,0.3333333333333333,0.3333333333333333,0.3333333333333333,1.0049411256086538
2026-03-03,0.942130395195273,0.955536905774449,0.9775165315173916,0.3333333333333333,0.3333333333333333,0.3333333333333333,0.9583946108290379
2026-03-04,0.9969062652057834,0.9991330232971066,0.9991099403421814,0.3333333333333333,0.3333333333333333,0.3333333333333333,0.9983830762816903
2026-03-05,1.0009309833869262,0.968785276672195,0.9773534563005076,0.3333333333333333,0.3333333333333333,0.3333333333333333,0.9823565721198761
2026-03-06,0.980157263395422,0.9683685056650951,0.9568063630889541,0.3333333333333333,0.3333333333333333,0.3333333333333333,0.9684440440498236
2026-03-09,1.0175988652886954,1.0517846185036985,1.0091478220305472,0.3333333333333333,0.3333333333333333,0.3333333333333333,1.0261771019409802
2026-03-10,1.023499810456717,1.0109625865362324,1.0195458396414807,0.3333333333333333,0.3333333333333333,0.3333333333333333,1.01800274554481
2026-03-11,0.9854040421205584,1.010069103416717,0.989572655228084,0.3333333333333333,0.3333333333333333,0.3333333333333333,0.9950152669217864
2026-03-12,0.9799039203632905,0.9816669254415052,0.959265514137632,0.3333333333333333,0.3333333333333333,0.3333333333333333,0.9736121199808092
2026-03-13,1.0193896084106808,0.9674442319518657,0.9863550671458606,0.3333333333333333,0.3333333333333333,0.3333333333333333,0.991062969169469
2026-03-16,1.0158694254081813,1.0277632772108922,1.0053717071483301,0.3333333333333333,0.3333333333333333,0.3333333333333333,1.016334803255801
2026-03-17,1.0080601256743225,1.020777138821377,0.9985133396687227,0.3333333333333333,0.3333333333333333,0.3333333333333333,1.0091168680548073
2026-03-18,0.9906305767873803,1.0170842759536811,1.0213700158816856,0.3333333333333333,0.3333333333333333,0.3333333333333333,1.009694956207582
2026-03-19,0.9991401859354281,1.02203926123335,0.9864203606424383,0.3333333333333333,0.3333333333333333,0.3333333333333333,1.0025332692704054
2026-03-20,0.9904781783304012,0.9700019297179203,0.9937778117926724,0.3333333333333333,0.3333333333333333,0.3333333333333333,0.9847526399469979
2026-03-23,1.0082399601832033,1.0370944893516756,1.01302540564183,0.3333333333333333,0.3333333333333333,0.3333333333333333,1.0194532850589029
2026-03-24,1.0399177438527787,1.030329418621199,1.020440121530639,0.3333333333333333,0.3333333333333333,0.3333333333333333,1.0302290946682056
2026-03-25,1.0024057798923265,1.0157025211055228,0.9967336581678792,0.3333333333333333,0.3333333333333333,0.3333333333333333,1.0049473197219094
2026-03-26,0.9522666469508744,0.9452521872158872,0.9781892051849651,0.3333333333333333,0.3333333333333333,0.3333333333333333,0.9585693464505756
2026-03-27,1.0007280701641628,0.9771394286188838,0.9855567369988477,0.3333333333333333,0.3333333333333333,0.3333333333333333,0.9878080785939647
2026-03-30,0.9612995742912068,0.9580266319496833,0.9696546408568698,0.3333333333333333,0.3333333333333333,0.3333333333333333,0.9629936156992533
2026-03-31,1.0411609218041098,1.0679636024804462,1.039188414515812,0.3333333333333333,0.3333333333333333,0.3333333333333333,1.0494376462667891
2026-04-01,1.022059351982472,1.025065877272142,1.0285174779053436,0.3333333333333333,0.3333333333333333,0.3333333333333333,1.0252142357199858
2026-04-02,0.9877995837483377,1.004235653348591,0.9861963367485006,0.3333333333333333,0.3333333333333333,0.3333333333333333,0.9927438579484764
2026-04-06,1.0077264109337727,0.998653391541234,1.0044490394603163,0.3333333333333333,0.3333333333333333,0.3333333333333333,1.003609613978441
2026-04-07,1.0136304612017388,1.0149215642183906,1.0009537801275574,0.3333333333333333,0.3333333333333333,0.3333333333333333,1.0098352685158956
2026-04-08,1.0453571210490056,1.0278012707375446,1.0581399571680299,0.3333333333333333,0.3333333333333333,0.3333333333333333,1.0437661163181933
2026-04-09,1.0385393811759094,1.0341320755467438,1.017535322163,0.3333333333333333,0.3333333333333333,0.3333333333333333,1.0300689262952176
2026-04-10,1.0063929755294734,1.0240697375290353,1.001261436081814,0.3333333333333333,0.3333333333333333,0.3333333333333333,1.0105747163801073
2026-04-13,1.0008933025167759,0.999798236487155,1.0053443114246978,0.3333333333333333,0.3333333333333333,0.3333333333333333,1.0020119501428764
2026-04-14,0.9963804375657913,0.9963475712981056,0.995462324739109,0.3333333333333333,0.3333333333333333,0.3333333333333333,0.9960634445343353
2026-04-15,0.9829807983847916,0.9983999826938291,0.9784365704675458,0.3333333333333333,0.3333333333333333,0.3333333333333333,0.9866057838487221
2026-04-16,0.9941022413465895,0.9922914884395542,0.9929858097623848,0.3333333333333333,0.3333333333333333,0.3333333333333333,0.9931265131828428
2026-04-17,1.0343237299345651,1.0249713718342521,1.0332288255376074,0.3333333333333333,0.3333333333333333,0.3333333333333333,1.0308413091021413
2026-04-20,1.0033481226390888,0.9874644653959425,1.007726508175841,0.3333333333333333,0.3333333333333333,0.3333333333333333,0.9995130320702906
2026-04-21,1.0052260589802913,1.0011311025525378,0.9761651755141783,0.3333333333333333,0.3333333333333333,0.3333333333333333,0.9941741123490024
2026-04-22,1.0101781797680498,1.137455939149309,0.9812273275250457,0.3333333333333333,0.3333333333333333,0.3333333333333333,1.0429538154808013
2026-04-23,1.0256844004998995,1.0194845237162136,1.0203786460759554,0.3333333333333333,0.3333333333333333,0.3333333333333333,1.021849190097356
2026-04-24,0.998633691285599,0.9997041504945869,1.0006057763830878,0.3333333333333333,0.3333333333333333,0.3333333333333333,0.9996478727210911
2026-04-27,0.9831335760628827,0.9747996741930564,0.9998666642393365,0.3333333333333333,0.3333333333333333,0.3333333333333333,0.9859333048317585
2026-04-28,0.9911222363502741,0.9720593741432314,0.9876018249093115,0.3333333333333333,0.3333333333333333,0.3333333333333333,0.9835944784676056
2026-04-29,0.9944319143564286,0.9762885887193733,0.9846611400693689,0.3333333333333333,0.3333333333333333,0.3333333333333333,0.9851272143817236
2026-04-30,1.0541422245088419,1.0191419287433443,0.959810007611291,0.3333333333333333,0.3333333333333333,0.3333333333333333,1.0110313869544925
2026-05-01,0.9827717328812929,0.9810698959767022,0.9701017769342613,0.3333333333333333,0.3333333333333333,0.3333333333333333,0.9779811352640854
2026-05-04,0.9926918559501648,1.010348558733055,0.9835870662434757,0.3333333333333333,0.3333333333333333,0.3333333333333333,0.9955424936422317
2026-05-05,0.972587730577413,1.019796089885219,1.0056929241439976,0.3333333333333333,0.3333333333333333,0.3333333333333333,0.9993589148688764
2026-05-06,1.0256293089572683,1.0216853396582242,1.0343420131406988,0.3333333333333333,0.3333333333333333,0.3333333333333333,1.0272188872520638
2026-05-07,0.947222215161813,0.9344659696373324,0.9824851577288648,0.3333333333333333,0.3333333333333333,0.3333333333333333,0.9547244475093368
2026-05-08,1.0086924307970482,0.9947591591259242,0.9931966337094518,0.3333333333333333,0.3333333333333333,0.3333333333333333,0.9988827412108079
2026-05-11,1.0435605335084535,1.031658828887857,0.9949136560525285,0.3333333333333333,0.3333333333333333,0.3333333333333333,1.0233776728162796
2026-05-12,0.9583054863467706,0.9989749360429938,1.0079830294396417,0.3333333333333333,0.3333333333333333,0.3333333333333333,0.988421150609802
2026-05-13,1.0134734731615482,0.9912218191093711,1.0011686389251984,0.3333333333333333,0.3333333333333333,0.3333333333333333,1.0019546437320392
2026-05-14,1.0028505520596402,1.0263136399683246,0.9978013730610269,0.3333333333333333,0.3333333333333333,0.3333333333333333,1.0089885216963306
2026-05-15,0.978779702198993,0.9621284625653514,0.97988480387994,0.3333333333333333,0.3333333333333333,0.3333333333333333,0.9735976562147615
2026-05-18,0.9560134007189325,0.9647551240842079,0.9950273806414295,0.3333333333333333,0.3333333333333333,0.3333333333333333,0.9719319684815233
2026-05-19,0.9738392899098833,0.999555433729779,0.9931619407904303,0.3333333333333333,0.3333333333333333,0.3333333333333333,0.9888522214766975
2026-05-20,1.0210013914597393,1.0125716859969798,1.0080698190186195,0.3333333333333333,0.3333333333333333,0.3333333333333333,1.0138809654917795
2026-05-21,1.0047934033356583,1.0188380181840104,1.0061551452251658,0.3333333333333333,0.3333333333333333,0.3333333333333333,1.0099288555816113
