Date,VST,CEG,CEG weight,VST weight,weightedReturn
2023-06-06,0.9931727724423588,1.0233115392613175,0.5,0.5,1.0082421558518382
2023-06-07,1.0173877763653671,1.014070218841087,0.5,0.5,1.015728997603227
2023-06-08,0.9864864918010557,1.0164081584285896,0.5,0.5,1.0014473251148226
2023-06-09,1.0,1.0107258814034359,0.5,0.5,1.005362940701718
2023-06-12,0.9951651443890662,1.0049307261150453,0.5,0.5,1.0000479352520557
2023-06-13,1.0080971348519634,1.0053332750833903,0.5,0.5,1.0067152049676769
2023-06-14,0.996385706963618,0.9888595622606942,0.5,0.5,0.992622634612156
2023-06-15,1.0209591912316318,1.00278952181118,0.5,0.5,1.011874356521406
2023-06-16,0.9893407988029581,0.9939012685681303,0.5,0.5,0.9916210336855442
2023-06-20,1.0045863108449031,0.9903110928409969,0.5,0.5,0.9974487018429501
2023-06-21,1.007208598939911,0.9838025731593697,0.5,0.5,0.9955055860496405
2023-06-22,1.0059642244869194,0.9861878671700502,0.5,0.5,0.9960760458284847
2023-06-23,0.992094926364213,1.0124367635868536,0.5,0.5,1.0022658449755333
2023-06-26,1.0199202716793825,1.002988100164261,0.5,0.5,1.0114541859218218
2023-06-27,1.0074217796062077,1.002427450136064,0.5,0.5,1.0049246148711357
2023-06-28,0.9976735585664335,0.9966980435097862,0.5,0.5,0.9971858010381098
2023-06-29,1.012048319609801,1.0035338928147677,0.5,0.5,1.0077911062122844
2023-06-30,1.0080644833027521,1.0074831635247319,0.5,0.5,1.0077738234137419
2023-07-03,0.99390472242312,1.0005462032495267,0.5,0.5,0.9972254628363233
2023-07-05,1.0287466172727677,1.0058952987729461,0.5,0.5,1.0173209580228568
2023-07-06,1.0040984697544604,0.9876274601966551,0.5,0.5,0.9958629649755577
2023-07-07,0.9907234751301646,1.0036265409782958,0.5,0.5,0.9971750080542302
2023-07-10,0.9910112508233744,1.0248546436408654,0.5,0.5,1.00793294723212
2023-07-11,1.0022676811849003,1.0081197563823519,0.5,0.5,1.0051937187836262
2023-07-12,1.0090495356364833,1.0180161423817151,0.5,0.5,1.0135328390090992
2023-07-13,0.9981316830784077,0.9917757831750811,0.5,0.5,0.9949537331267444
2023-07-14,0.9861475764927903,0.9971663085355567,0.5,0.5,0.9916569425141735
2023-07-17,0.9920272184033034,1.0124208584393266,0.5,0.5,1.002224038421315
2023-07-18,1.0248756626268538,0.9915783068661418,0.5,0.5,1.0082269847464977
2023-07-19,1.0205378208246572,0.9932894202066244,0.5,0.5,1.0069136205156408
2023-07-20,1.0014636384000857,1.0228016271670148,0.5,0.5,1.0121326327835503
2023-07-21,1.036170942132402,0.9970068308868693,0.5,0.5,1.0165888865096355
2023-07-24,0.997884174873881,0.9994822703176054,0.5,0.5,0.9986832225957432
2023-07-25,0.9929329891451435,1.0100467230364691,0.5,0.5,1.0014898560908063
2023-07-26,1.0110320035116436,0.9981541396400788,0.5,0.5,1.004593071575861
2023-07-27,0.9890883735892377,0.9802752920677607,0.5,0.5,0.9846818328284992
2023-07-28,0.9864766938692371,1.0033536137050247,0.5,0.5,0.9949151537871309
2023-07-31,1.0122655757701329,1.0095049960396527,0.5,0.5,1.0108852859048927
2023-08-01,0.9939415578019931,0.9963786531796271,0.5,0.5,0.9951601054908101
2023-08-02,1.0035855908050326,0.9922119635734101,0.5,0.5,0.9978987771892214
2023-08-03,0.9982136449252347,1.0585032156489482,0.5,0.5,1.0283584302870914
2023-08-04,1.021474551944635,1.0276844199238024,0.5,0.5,1.0245794859342188
2023-08-07,1.0056062033161703,0.9981721126721735,0.5,0.5,1.001889157994172
2023-08-08,1.0041812459601385,1.0102167881585764,0.5,0.5,1.0071990170593574
2023-08-09,1.0517001910082093,1.0028623802011163,0.5,0.5,1.027281285604663
2023-08-10,1.0125370838163055,1.005803390694351,0.5,0.5,1.0091702372553284
2023-08-11,0.9820788250793733,1.010641403013623,0.5,0.5,0.9963601140464982
2023-08-14,1.0059720223248303,1.0041290420000193,0.5,0.5,1.0050505321624248
2023-08-15,0.9973615896262275,0.9928972597495298,0.5,0.5,0.9951294246878786
2023-08-16,0.9943783109566205,0.9892695652682407,0.5,0.5,0.9918239381124306
2023-08-17,0.9880278897959572,0.9973358595477212,0.5,0.5,0.9926818746718392
2023-08-18,1.0050488133217477,0.9995229580600936,0.5,0.5,1.0022858856909207
2023-08-21,1.0046885278381505,1.0127899214650955,0.5,0.5,1.008739224651623
2023-08-22,0.9886666743000339,1.0014138737616163,0.5,0.5,0.9950402740308251
2023-08-23,1.0225894356390124,1.020515598765727,0.5,0.5,1.0215525172023696
2023-08-24,0.9894493220185637,0.9859830160835245,0.5,0.5,0.9877161690510441
2023-08-25,1.0036654769122897,0.9901796060991336,0.5,0.5,0.9969225415057117
2023-08-28,0.9950198472966054,0.9952771133756856,0.5,0.5,0.9951484803361454
2023-08-29,1.0150150397966635,1.0016133586182028,0.5,0.5,1.0083141992074331
2023-08-30,1.0299145398415306,1.0018950029726692,0.5,0.5,1.0159047714071
2023-08-31,1.0028726882603207,0.9850576892259637,0.5,0.5,0.9939651887431422
2023-09-01,1.011775944936806,1.0300500060539295,0.5,0.5,1.0209129754953676
2023-09-05,1.0223339418072985,0.9884424605687824,0.5,0.5,1.0053882011880404
2023-09-06,1.0095386830147834,1.00556349947163,0.5,0.5,1.0075510912432066
2023-09-07,1.0170678964817863,1.0178169750662844,0.5,0.5,1.0174424357740355
2023-09-08,1.0206773221783114,1.000921169761821,0.5,0.5,1.010799245970066
2023-09-11,0.9891368128803628,1.0123343876113151,0.5,0.5,1.000735600245839
2023-09-12,1.0002966729399905,0.9865430730754629,0.5,0.5,0.9934198730077266
2023-09-13,0.9845696611767386,1.007096659999114,0.5,0.5,0.9958331605879263
2023-09-14,0.995780607191709,1.029193730702494,0.5,0.5,1.0124871689471016
2023-09-15,0.9960655350087004,0.9775030670008661,0.5,0.5,0.9867843010047832
2023-09-18,1.0176237420974679,1.0073684373375884,0.5,0.5,1.0124960897175281
2023-09-19,0.995974161676373,0.9981940505420408,0.5,0.5,0.9970841061092068
2023-09-20,0.9755655530774255,0.9962907999361543,0.5,0.5,0.98592817650679
2023-09-21,1.0343226574828643,0.9982747992495595,0.5,0.5,1.016298728366212
2023-09-22,0.9931239969020603,1.0038202108458585,0.5,0.5,0.9984721038739595
2023-09-25,1.0132450696688904,1.01676331023059,0.5,0.5,1.0150041899497402
2023-09-26,0.9800953117929392,0.9668479224127318,0.5,0.5,0.9734716171028355
2023-09-27,1.0100029081521809,1.0208313976868446,0.5,0.5,1.0154171529195128
2023-09-28,1.0033013583765382,0.9870880621897915,0.5,0.5,0.9951947102831649
2023-09-29,0.9925215167743016,0.997804753405392,0.5,0.5,0.9951631350898468
2023-10-02,0.980410176715442,0.9601208315538058,0.5,0.5,0.9702655041346239
2023-10-03,0.983707141127037,1.0015277867890635,0.5,0.5,0.9926174639580503
2023-10-04,0.9809374690045041,1.0121079200303789,0.5,0.5,0.9965226945174415
2023-10-05,1.014017240428891,1.0162019639923519,0.5,0.5,1.0151096022106214
2023-10-06,0.9908891940887383,1.021227336636768,0.5,0.5,1.006058265362753
2023-10-09,1.0098288616139506,1.0109830411463139,0.5,0.5,1.0104059513801322
2023-10-10,1.0078490428931646,1.014544602152079,0.5,0.5,1.0111968225226218
2023-10-11,1.020872444135478,1.0183188099271334,0.5,0.5,1.0195956270313058
2023-10-12,0.9703997534037063,1.0056486621241616,0.5,0.5,0.988024207763934
2023-10-13,0.994968490415845,0.9824576508680277,0.5,0.5,0.9887130706419364
2023-10-16,1.0205436162024997,1.0276190588733045,0.5,0.5,1.024081337537902
2023-10-17,1.0086716302211705,1.0027389766426564,0.5,0.5,1.0057053034319134
2023-10-18,0.9953942270223157,0.9907810216041074,0.5,0.5,0.9930876243132116
2023-10-19,0.990438229655424,0.984664439781572,0.5,0.5,0.9875513347184981
2023-10-20,0.9943941011360704,0.9808382367709785,0.5,0.5,0.9876161689535244
2023-10-23,0.9987471674412609,1.0000890876743254,0.5,0.5,0.9994181275577931
2023-10-24,1.0253999399530342,1.01926685297216,0.5,0.5,1.0223333964625971
2023-10-25,1.0024464245083438,0.9803974270539904,0.5,0.5,0.9914219257811671
2023-10-26,1.0036609192289907,1.0061588615994297,0.5,0.5,1.0049098904142102
2023-10-27,0.9732522713087846,0.9827892476321479,0.5,0.5,0.9780207594704662
2023-10-30,1.0174890749255796,1.0203105605170724,0.5,0.5,1.018899817721326
2023-10-31,1.0042971311144124,0.9990267931773702,0.5,0.5,1.0016619621458913
2023-11-01,1.036980145565323,1.017091758787286,0.5,0.5,1.0270359521763046
2023-11-02,1.0215151763946413,1.020374476556995,0.5,0.5,1.020944826475818
2023-11-03,1.009521170087888,0.9989759229913174,0.5,0.5,1.0042485465396027
2023-11-06,1.0097170499079298,1.0654310043350645,0.5,0.5,1.0375740271214973
2023-11-07,0.9835829809245372,0.9610358722801734,0.5,0.5,0.9723094266023553
2023-11-08,0.9976980087995053,1.010928513566672,0.5,0.5,1.0043132611830887
2023-11-09,0.9968273042022548,0.9954613611059097,0.5,0.5,0.9961443326540822
2023-11-10,0.997685240847732,1.0094501383610468,0.5,0.5,1.0035676896043895
2023-11-13,0.9976797571513099,0.9995894882984714,0.5,0.5,0.9986346227248906
2023-11-14,1.0238370898176372,1.0394346864899071,0.5,0.5,1.0316358881537722
2023-11-15,0.985235793281166,0.9641954513883177,0.5,0.5,0.9747156223347418
2023-11-16,1.0011529348905488,0.9996876902003919,0.5,0.5,1.0004203125454705
2023-11-17,1.0034536984065054,1.000164481905876,0.5,0.5,1.0018090901561907
2023-11-20,0.9951234662550938,1.004848266678925,0.5,0.5,0.9999858664670094
2023-11-21,0.9942348996919333,1.0018809337151127,0.5,0.5,0.9980579167035231
2023-11-22,1.0092780542986426,1.0060404977829562,0.5,0.5,1.0076592760407994
2023-11-24,1.0014359979995557,1.004949211351648,0.5,0.5,1.003192604675602
2023-11-27,1.0223754676921666,1.0100113107807467,0.5,0.5,1.0161933892364567
2023-11-28,0.9882154423256857,0.9948041577142976,0.5,0.5,0.9915098000199917
2023-11-29,0.9914822054741378,0.9689032376873358,0.5,0.5,0.9801927215807368
2023-11-30,1.0140320714226738,1.0038147750342925,0.5,0.5,1.0089234232284832
2023-12-01,1.0245692914597841,0.9904163483765959,0.5,0.5,1.00749281991819
2023-12-04,1.0231533424735937,0.9919920872864748,0.5,0.5,1.0075727148800342
2023-12-05,1.0067348567939007,0.9948705823916164,0.5,0.5,1.0008027195927585
2023-12-06,0.9708321879325269,0.9519903655391209,0.5,0.5,0.9614112767358238
2023-12-07,1.024531479213364,0.9813549072374906,0.5,0.5,1.0029431932254274
2023-12-08,0.9943504182892652,1.0061523098517149,0.5,0.5,1.00025136407049
2023-12-11,0.9978354445973573,1.044420314546824,0.5,0.5,1.0211278795720906
2023-12-12,1.01220165262957,0.9857081993647955,0.5,0.5,0.9989549259971828
2023-12-13,1.0211624086307678,1.016944619658785,0.5,0.5,1.0190535141447765
2023-12-14,0.9834733294651831,0.9928713510641668,0.5,0.5,0.9881723402646749
2023-12-15,1.0050680008995811,1.0272490574318152,0.5,0.5,1.0161585291656983
2023-12-18,1.0021231950124332,1.0051368916745662,0.5,0.5,1.0036300433434997
2023-12-19,1.0046075064165354,1.0121480962962683,0.5,0.5,1.008377801356402
2023-12-20,0.9970838383364642,0.96854572375965,0.5,0.5,0.9828147810480571
2023-12-21,1.0047859791451916,1.0111102253060011,0.5,0.5,1.0079481022255963
2023-12-22,1.0060861805798236,0.9748118965159885,0.5,0.5,0.9904490385479061
2023-12-26,1.0047343684311492,1.0194225167776714,0.5,0.5,1.0120784426044103
2023-12-27,1.0047120598039676,0.9987240581724561,0.5,0.5,1.001718058988212
2023-12-28,1.0114643589491141,0.9973600673717616,0.5,0.5,1.0044122131604378
2023-12-29,0.9922720292089473,0.9981213077978859,0.5,0.5,0.9951966685034166
2024-01-02,0.9883177638335525,0.9859698195222943,0.5,0.5,0.9871437916779234
2024-01-03,1.0028894532916726,1.0052059016487338,0.5,0.5,1.0040476774702032
2024-01-04,1.0057621551986666,0.9957703880617458,0.5,0.5,1.0007662716302062
2024-01-05,1.0049477722244617,1.0076283655758973,0.5,0.5,1.0062880689001794
2024-01-08,1.014252591469376,1.0067963695285147,0.5,0.5,1.0105244804989453
2024-01-09,1.0114969838135275,0.9953856927677343,0.5,0.5,1.0034413382906309
2024-01-10,0.9714575300084088,0.9945059209750509,0.5,0.5,0.9829817254917299
2024-01-11,1.010660259213362,0.9746223952481536,0.5,0.5,0.9926413272307578
2024-01-12,1.0090047693738031,1.0,0.5,0.5,1.0045023846869015
2024-01-16,1.0025496186453042,0.9902576707710704,0.5,0.5,0.9964036447081873
2024-01-17,1.0101728344875696,1.0009839076802314,0.5,0.5,1.0055783710839004
2024-01-18,0.9921953329251249,0.9954431958451084,0.5,0.5,0.9938192643851167
2024-01-19,1.0192844746974576,1.0272865612590498,0.5,0.5,1.0232855179782536
2024-01-22,0.9950211628586398,1.0241153248556591,0.5,0.5,1.0095682438571494
2024-01-23,0.996997769413821,1.01262694250548,0.5,0.5,1.0048123559596505
2024-01-24,0.9844416847697304,0.9745555749211938,0.5,0.5,0.9794986298454621
2024-01-25,1.030588816320048,1.0421890544997632,0.5,0.5,1.0363889354099056
2024-01-26,1.0086569327670414,1.0059724409195787,0.5,0.5,1.00731468684331
2024-01-29,0.9946052208356614,0.9978561517156632,0.5,0.5,0.9962306862756622
2024-01-30,1.0165186127801022,1.0071894081128925,0.5,0.5,1.0118540104464975
2024-01-31,0.9951491656041666,1.0009846188662357,0.5,0.5,0.9980668922352012
2024-02-01,1.054350467449667,1.0461474202850434,0.5,0.5,1.0502489438673552
2024-02-02,1.0298198239160348,1.0162972291747998,0.5,0.5,1.0230585265454173
2024-02-05,0.9730638153165294,0.9793385603610844,0.5,0.5,0.9762011878388068
2024-02-06,0.997923912159236,1.0313310808684342,0.5,0.5,1.014627496513835
2024-02-07,1.011557925989061,1.0113733445413258,0.5,0.5,1.0114656352651934
2024-02-08,0.9803474100370031,0.9865658796756669,0.5,0.5,0.983456644856335
2024-02-09,1.0076924127337274,1.0110926241286415,0.5,0.5,1.0093925184311845
2024-02-12,0.9902844582472664,0.9723080709013366,0.5,0.5,0.9812962645743015
2024-02-13,1.0324691783953381,0.9953313763019703,0.5,0.5,1.0139002773486543
2024-02-14,1.0015836918795482,1.0059415176340536,0.5,0.5,1.003762604756801
2024-02-15,1.025299267148434,1.021994371163594,0.5,0.5,1.023646819156014
2024-02-16,1.0041859929624035,0.9974144221088473,0.5,0.5,1.0008002075356255
2024-02-20,1.0125054601748549,1.004879635346409,0.5,0.5,1.0086925477606319
2024-02-21,1.000650070601551,0.9969649639387397,0.5,0.5,0.9988075172701454
2024-02-22,1.0311822775477588,1.015144607510746,0.5,0.5,1.0231634425292524
2024-02-23,1.0209995683747934,1.0044981142561216,0.5,0.5,1.0127488413154575
2024-02-26,1.0026736517117611,0.994253263706062,0.5,0.5,0.9984634577089115
2024-02-27,1.0457438262013456,1.169193873939304,0.5,0.5,1.1074688500703247
2024-02-28,1.0400155609178963,1.096751424654051,0.5,0.5,1.0683834927859737
2024-02-29,1.0286685444536332,0.9860679683732096,0.5,0.5,1.0073682564134214
2024-03-01,0.99926662222772,1.0091422406584651,0.5,0.5,1.0042044314430925
2024-03-04,1.0456880868347214,1.035296121999861,0.5,0.5,1.0404921044172912
2024-03-05,1.0333390924503014,1.0044321572564403,0.5,0.5,1.0188856248533709
2024-03-06,1.0341314384964717,1.0181589996377036,0.5,0.5,1.0261452190670877
2024-03-07,1.0128078871709822,0.999738526437629,0.5,0.5,1.0062732068043057
2024-03-08,0.9807068476145705,0.9498273495888357,0.5,0.5,0.9652670986017031
2024-03-11,0.9596626738056676,0.9844051809615548,0.5,0.5,0.9720339273836112
2024-03-12,1.0370371533735772,1.002739630390749,0.5,0.5,1.019888391882163
2024-03-13,1.0159468603825146,0.996970896337474,0.5,0.5,1.0064588783599944
2024-03-14,1.0318835650305611,0.9808173357259226,0.5,0.5,1.006350450378242
2024-03-15,0.9754397226376958,1.0053449880662542,0.5,0.5,0.990392355351975
2024-03-18,1.014944747873276,1.0200579981075915,0.5,0.5,1.0175013729904339
2024-03-19,1.0227255087192966,1.0211443361396386,0.5,0.5,1.0219349224294676
2024-03-20,1.0482096091609143,1.01914034997862,0.5,0.5,1.033674979569767
2024-03-21,1.0242699377662121,0.9910080945016588,0.5,0.5,1.0076390161339355
2024-03-22,1.0105306991958116,1.0236030019094986,0.5,0.5,1.0170668505526552
2024-03-25,1.0305397719323968,1.050605808564112,0.5,0.5,1.0405727902482544
2024-03-26,0.9535113426502874,0.9901208266620573,0.5,0.5,0.9718160846561723
2024-03-27,1.006039262495615,0.9971953178949728,0.5,0.5,1.001617290195294
2024-03-28,1.0197657531430206,0.9997836934650333,0.5,0.5,1.009774723304027
2024-04-01,1.0269919721280938,1.0061129438025145,0.5,0.5,1.0165524579653042
2024-04-02,0.9946874929396647,1.01156045667392,0.5,0.5,1.0031239748067924
2024-04-03,1.036683341884495,1.0113218847985397,0.5,0.5,1.0240026133415174
2024-04-04,0.9563446769164967,0.9624198749407336,0.5,0.5,0.9593822759286151
2024-04-05,1.0679050502209295,1.054448090979867,0.5,0.5,1.0611765706003982
2024-04-08,0.9879197020014553,0.9943029269436705,0.5,0.5,0.991111314472563
2024-04-09,0.9342918303050152,0.9797897565634112,0.5,0.5,0.9570407934342131
2024-04-10,1.0176902201896936,1.01584245957414,0.5,0.5,1.016766339881917
2024-04-11,1.017524011467981,1.009420169624726,0.5,0.5,1.0134720905463537
2024-04-12,0.9686110810106356,0.9937266179389974,0.5,0.5,0.9811688494748165
2024-04-15,0.9782047762467607,0.9672876293201524,0.5,0.5,0.9727462027834566
2024-04-16,0.9909115927602856,1.0067420272243601,0.5,0.5,0.9988268099923229
2024-04-17,1.015532506898869,0.993303123300665,0.5,0.5,1.004417815099767
2024-04-18,0.9596505629653692,0.9916935221651496,0.5,0.5,0.9756720425652594
2024-04-19,0.9966605386870818,0.9839007006175804,0.5,0.5,0.990280619652331
2024-04-22,1.0161438193672838,1.012824974748349,0.5,0.5,1.0144843970578163
2024-04-23,1.0259293254849877,1.0274533242758332,0.5,0.5,1.0266913248804106
2024-04-24,1.0293644490027059,0.9888976965244417,0.5,0.5,1.0091310727635738
2024-04-25,1.0286686729045726,1.009937630925544,0.5,0.5,1.0193031519150582
2024-04-26,1.0030352648034102,1.0019148640219515,0.5,0.5,1.002475064412681
2024-04-29,1.072352249266188,1.0012741088503891,0.5,0.5,1.0368131790582886
2024-04-30,0.9728065863507351,0.9858438116016526,0.5,0.5,0.9793251989761939
2024-05-01,1.0134494084684822,0.9925781519337152,0.5,0.5,1.0030137802010988
2024-05-02,1.03916215883678,1.0087776712373648,0.5,0.5,1.0239699150370725
2024-05-03,1.0202827983901168,1.0466216821809786,0.5,0.5,1.0334522402855477
2024-05-06,1.0214751324665157,1.0145743643695855,0.5,0.5,1.0180247484180507
2024-05-07,0.9819797843404114,1.0144663837201007,0.5,0.5,0.9982230840302561
2024-05-08,1.0912649690905325,1.0370961946254387,0.5,0.5,1.0641805818579857
2024-05-09,1.0445067606072853,1.0380288398553947,0.5,0.5,1.04126780023134
2024-05-10,1.0026833274422184,0.9954610876800563,0.5,0.5,0.9990722075611373
2024-05-13,0.9652107581220325,0.9937653649679522,0.5,0.5,0.9794880615449923
2024-05-14,1.0144171594743374,1.019429747465053,0.5,0.5,1.0169234534696954
2024-05-15,1.0594731838944864,1.0255809487119607,0.5,0.5,1.0425270663032236
2024-05-16,0.9610978947800967,0.9687878041611829,0.5,0.5,0.9649428494706398
2024-05-17,1.010092368508682,0.9850697605194076,0.5,0.5,0.9975810645140448
2024-05-20,0.9726827816934545,1.0091972417128272,0.5,0.5,0.9909400117031408
2024-05-21,1.0298327632364894,1.0349652064369657,0.5,0.5,1.0323989848367274
2024-05-22,1.0003183564666895,0.9888585353801722,0.5,0.5,0.9945884459234309
2024-05-23,1.0197305888146768,1.0047703755707307,0.5,0.5,1.0122504821927039
2024-05-24,1.0621032573867113,1.0428196807012777,0.5,0.5,1.0524614690439944
2024-05-28,1.040156799900637,1.0027749854471348,0.5,0.5,1.021465892673886
2024-05-29,0.9757062670139426,0.9559279252579232,0.5,0.5,0.9658170961359329
2024-05-30,1.0168886382214137,1.0191174807132666,0.5,0.5,1.0180030594673402
2024-05-31,0.9403055774993515,0.9657271655781178,0.5,0.5,0.9530163715387346
2024-06-03,0.941158681487459,0.9586191769324909,0.5,0.5,0.9498889292099749
2024-06-04,0.960321703146009,0.9754153264852472,0.5,0.5,0.9678685148156281
2024-06-05,1.0273590625799258,1.0304715011857861,0.5,0.5,1.028915281882856
2024-06-06,0.9376087848713585,0.9678497893816235,0.5,0.5,0.952729287126491
2024-06-07,0.9862043977258385,0.9772951887647018,0.5,0.5,0.9817497932452701
2024-06-10,1.037028233672548,1.0839900026032288,0.5,0.5,1.0605091181378885
2024-06-11,1.0340060472997816,1.017145792910725,0.5,0.5,1.0255759201052532
2024-06-12,0.9927644537153231,0.9991754033383221,0.5,0.5,0.9959699285268226
2024-06-13,0.9761485928831035,1.0082519931279286,0.5,0.5,0.992200293005516
2024-06-14,0.9908370448809334,0.9771291069718927,0.5,0.5,0.983983075926413
2024-06-17,0.9594702630322582,0.9865983932730272,0.5,0.5,0.9730343281526428
2024-06-18,1.044833224149099,1.0395718197137784,0.5,0.5,1.0422025219314386
2024-06-20,1.0069650183356464,1.0086202584340083,0.5,0.5,1.0077926383848275
2024-06-21,0.9849188996227495,0.9811973609249015,0.5,0.5,0.9830581302738255
2024-06-24,1.0157725818813623,0.9906937219965535,0.5,0.5,1.003233151938958
2024-06-25,1.0133740919712704,1.029014267614578,0.5,0.5,1.021194179792924
2024-06-26,0.9608544928163295,0.9457660078327881,0.5,0.5,0.9533102503245587
2024-06-27,1.015248562421011,0.9737055862385595,0.5,0.5,0.9944770743297853
2024-06-28,0.9857831823674995,0.9779764363523173,0.5,0.5,0.9818798093599084
2024-07-01,1.0158174005488914,1.0238676820298875,0.5,0.5,1.0198425412893894
2024-07-02,1.0041218127322318,1.0053645205898383,0.5,0.5,1.0047431666610351
2024-07-03,1.0458380905554656,1.0190153280797822,0.5,0.5,1.0324267093176238
2024-07-05,0.9742694289347293,1.0058076934498739,0.5,0.5,0.9900385611923016
2024-07-08,1.0393912973532056,1.0210136440987327,0.5,0.5,1.0302024707259692
2024-07-09,0.9840655360857092,1.001066228493711,0.5,0.5,0.9925658822897101
2024-07-10,1.0099561600211964,1.016623342451022,0.5,0.5,1.0132897512361092
2024-07-11,0.992417023044276,0.9876566688866034,0.5,0.5,0.9900368459654397
2024-07-12,0.9969435823437475,1.0013833596911803,0.5,0.5,0.9991634710174639
2024-07-15,0.943720391353473,0.9803814522064707,0.5,0.5,0.9620509217799718
2024-07-16,0.9962873309317742,0.962420100197495,0.5,0.5,0.9793537155646346
2024-07-17,0.8873878247286449,0.9111186312423265,0.5,0.5,0.8992532279854857
2024-07-18,1.004593429282808,1.00326789978562,0.5,0.5,1.0039306645342139
2024-07-19,0.9989548222049202,1.0107860048750408,0.5,0.5,1.0048704135399804
2024-07-22,1.035307976331313,1.0059164907772782,0.5,0.5,1.0206122335542958
2024-07-23,1.0113679137942053,0.9971116612399827,0.5,0.5,1.004239787517094
2024-07-24,0.9064568636208604,0.9221045836065244,0.5,0.5,0.9142807236136924
2024-07-25,0.9696885300303576,0.9734406586987584,0.5,0.5,0.971564594364558
2024-07-26,1.0105144105503097,1.0270492322392382,0.5,0.5,1.018781821394774
2024-07-29,1.0016872487738193,0.9865173935450678,0.5,0.5,0.9941023211594435
2024-07-30,0.9685571630861701,0.9768936388785356,0.5,0.5,0.9727254009823529
2024-07-31,1.1481158289592517,1.125140808468079,0.5,0.5,1.1366283187136652
2024-08-01,0.9598585600410601,0.935563865902822,0.5,0.5,0.947711212971941
2024-08-02,0.9525250635050314,0.9409246690743682,0.5,0.5,0.9467248662896999
2024-08-05,0.9692115470168489,1.0172971708065812,0.5,0.5,0.9932543589117151
2024-08-06,1.0596866790475128,1.0651289974688636,0.5,0.5,1.062407838258188
2024-08-07,0.9940852296725711,0.9923773929556327,0.5,0.5,0.9932313113141018
2024-08-08,1.0693710764697115,1.041021896743701,0.5,0.5,1.0551964866067063
2024-08-09,0.9944362115837082,1.0151847926184339,0.5,0.5,1.004810502101071
2024-08-12,0.9913529796669,0.988460347959237,0.5,0.5,0.9899066638130685
2024-08-13,1.0319393581935667,1.01110312481025,0.5,0.5,1.0215212415019084
2024-08-14,0.9850838757573149,0.9827888058477862,0.5,0.5,0.9839363408025505
2024-08-15,1.027760336359641,1.0227773184788185,0.5,0.5,1.0252688274192296
2024-08-16,0.9742172181146271,0.9978465401839924,0.5,0.5,0.9860318791493098
2024-08-19,1.0175173886057178,1.014738182353042,0.5,0.5,1.0161277854793798
2024-08-20,0.9863759811952854,0.9893143791010097,0.5,0.5,0.9878451801481476
2024-08-21,1.0331492520604797,1.0315646645531105,0.5,0.5,1.032356958306795
2024-08-22,1.0123965381214661,0.9909015302701816,0.5,0.5,1.001649034195824
2024-08-23,1.0296519812058296,1.0002053202208794,0.5,0.5,1.0149286507133546
2024-08-26,0.9896233821575118,0.9994871605165451,0.5,0.5,0.9945552713370285
2024-08-27,0.9965833949834185,1.0064137827842365,0.5,0.5,1.0014985888838275
2024-08-28,0.9752926223963034,0.9879169343654878,0.5,0.5,0.9816047783808957
2024-08-29,1.0263030953902508,1.003457610250352,0.5,0.5,1.0148803528203014
2024-08-30,1.008975870329047,1.0116231315465873,0.5,0.5,1.0102995009378173
2024-09-03,0.8865738164074578,0.9038129213753434,0.5,0.5,0.8951933688914007
2024-09-04,1.0124109062664068,0.998537695204079,0.5,0.5,1.005474300735243
2024-09-05,0.9889149924797117,0.9918317638021044,0.5,0.5,0.9903733781409081
2024-09-06,0.9719108368745796,0.9831884649170991,0.5,0.5,0.9775496508958393
2024-09-09,1.0169607788659893,1.0104556482340752,0.5,0.5,1.0137082135500322
2024-09-10,1.0150766737410766,1.0304711352660196,0.5,0.5,1.022773904503548
2024-09-11,1.052313201026454,1.0388351697927607,0.5,0.5,1.0455741854096074
2024-09-12,1.0051213343849008,1.0143121774671155,0.5,0.5,1.009716755926008
2024-09-13,1.0631291058646009,1.031853876458441,0.5,0.5,1.047491491161521
2024-09-16,1.0450029641553564,1.0166854064646051,0.5,0.5,1.0308441853099808
2024-09-17,1.0195748124978379,1.0099372470706687,0.5,0.5,1.0147560297842533
2024-09-18,1.000438883021979,0.9955274928255142,0.5,0.5,0.9979831879237466
2024-09-19,1.0169974591980633,1.0407827755827135,0.5,0.5,1.0288901173903884
2024-09-20,1.166018132025636,1.2229256280810454,0.5,0.5,1.1944718800533407
2024-09-23,1.0347608781485322,1.008392804402594,0.5,0.5,1.021576841275563
2024-09-24,1.006897807585238,0.9858821234607006,0.5,0.5,0.9963899655229693
2024-09-25,1.059430609367085,1.036963844222288,0.5,0.5,1.0481972267946866
2024-09-26,0.9586832495972358,0.9768318197825595,0.5,0.5,0.9677575346898977
2024-09-27,1.0311842137276968,1.000895766577024,0.5,0.5,1.0160399901523602
2024-09-30,1.0069656689741555,1.0117510096467057,0.5,0.5,1.0093583393104306
2024-10-01,1.0338283307304468,1.0214982059043511,0.5,0.5,1.027663268317399
2024-10-02,1.0230110976454805,0.9991341041790702,0.5,0.5,1.0110726009122755
2024-10-03,1.0564727844549897,1.045180483930339,0.5,0.5,1.0508266341926644
2024-10-04,1.044998011559329,1.029383274746305,0.5,0.5,1.037190643152817
2024-10-07,0.9484142407918745,0.9756234911444668,0.5,0.5,0.9620188659681707
2024-10-08,0.9747846713552971,1.0029796552160677,0.5,0.5,0.9888821632856823
2024-10-09,0.9704595558347676,0.9387591517753214,0.5,0.5,0.9546093538050445
2024-10-10,0.9994363568016963,1.000114591520016,0.5,0.5,0.9997754741608562
2024-10-11,1.0095076756856216,1.0149060022389205,0.5,0.5,1.0122068389622711
2024-10-14,1.0556309878892722,1.0207346896240288,0.5,0.5,1.0381828387566505
2024-10-15,0.9699833040524032,0.9794289996416486,0.5,0.5,0.9747061518470259
2024-10-16,1.057681746455326,1.0512867108407082,0.5,0.5,1.0544842286480172
2024-10-17,0.9379468590624166,0.9692638661402133,0.5,0.5,0.953605362601315
2024-10-18,1.0305649210307564,0.9961650875315731,0.5,0.5,1.0133650042811646
2024-10-21,0.994053088573877,1.0131774856902265,0.5,0.5,1.0036152871320518
2024-10-22,0.9590427663911788,0.9717959269354804,0.5,0.5,0.9654193466633296
2024-10-23,1.00855722304092,1.0001879672454907,0.5,0.5,1.0043725951432054
2024-10-24,0.9957973785276871,0.9941739946018815,0.5,0.5,0.9949856865647844
2024-10-25,0.9876572770036469,0.999659810113674,0.5,0.5,0.9936585435586605
2024-10-28,1.0302345239013935,1.0097196378047288,0.5,0.5,1.019977080853061
2024-10-29,0.9912350016104138,0.9925838423804121,0.5,0.5,0.991909421995413
2024-10-30,0.9798674131792748,0.987849090868695,0.5,0.5,0.9838582520239849
2024-10-31,1.0068486832373809,1.0045073958478685,0.5,0.5,1.0056780395426248
2024-11-01,0.9563861109946364,0.9815182925635566,0.5,0.5,0.9689522017790966
2024-11-04,0.9684543914976709,0.8754356921701053,0.5,0.5,0.9219450418338881
2024-11-05,1.0532229027813298,1.0345210381857433,0.5,0.5,1.0438719704835364
2024-11-06,1.0343723563373393,1.0053048559678162,0.5,0.5,1.0198386061525777
2024-11-07,1.0764533678384978,1.0280861626791271,0.5,0.5,1.0522697652588124
2024-11-08,1.045457931201963,0.9908109824434861,0.5,0.5,1.0181344568227244
2024-11-11,1.0274840332558537,0.9912270958646853,0.5,0.5,1.0093555645602694
2024-11-12,0.975034391249034,0.9638806547800585,0.5,0.5,0.9694575230145462
2024-11-13,0.9997186696614618,0.9880192882362879,0.5,0.5,0.9938689789488748
2024-11-14,0.9742470779807509,0.9974332379249976,0.5,0.5,0.9858401579528743
2024-11-15,1.026650163384274,0.9966802672855332,0.5,0.5,1.0116652153349035
2024-11-18,1.0315163063475694,1.0267523973674244,0.5,0.5,1.029134351857497
2024-11-19,1.0561273932087936,1.0186728768586504,0.5,0.5,1.0374001350337219
2024-11-20,0.9985149386047101,1.0035807713418636,0.5,0.5,1.0010478549732869
2024-11-21,1.0774751776663285,1.0697478211037135,0.5,0.5,1.073611499385021
2024-11-22,0.9718504349721486,0.9922569445187042,0.5,0.5,0.9820536897454264
2024-11-25,0.9519516123345438,0.9961582724739583,0.5,0.5,0.9740549424042511
2024-11-26,1.0552744103412988,1.0715061636444383,0.5,0.5,1.0633902869928686
2024-11-27,0.9499568608307696,0.9499868400085433,0.5,0.5,0.9499718504196564
2024-11-29,1.0344292494459473,1.0125103486172207,0.5,0.5,1.023469799031584
2024-12-02,0.9641516823330909,0.9727938455717542,0.5,0.5,0.9684727639524225
2024-12-03,1.0003244192431235,0.991706078220005,0.5,0.5,0.9960152487315643
2024-12-04,1.0463803998934724,1.0270291930380682,0.5,0.5,1.0367047964657703
2024-12-05,0.9973342771096405,1.0074350113021058,0.5,0.5,1.0023846442058733
2024-12-06,0.9944057093195582,0.9903942085707955,0.5,0.5,0.9923999589451769
2024-12-09,0.9270535159743212,0.9456686910496667,0.5,0.5,0.9363611035119939
2024-12-10,0.954217549515678,0.9686888958751708,0.5,0.5,0.9614532226954244
2024-12-11,1.0316562752129577,1.0183351766138242,0.5,0.5,1.0249957259133908
2024-12-12,0.9936985338633056,1.0102282238046563,0.5,0.5,1.001963378833981
2024-12-13,0.9986903910212181,1.000209243192482,0.5,0.5,0.9994498171068501
2024-12-16,1.0030368562664447,1.0009620598508595,0.5,0.5,1.001999458058652
2024-12-17,0.9617422322064256,0.9788549617044285,0.5,0.5,0.9702985969554271
2024-12-18,0.9507762688188048,0.9637977711729602,0.5,0.5,0.9572870199958825
2024-12-19,1.0324327453959314,0.9973865230859627,0.5,0.5,1.0149096342409472
2024-12-20,1.0216970220921577,1.0082161519076411,0.5,0.5,1.0149565869998995
2024-12-23,1.0060021694138555,1.0055500897686027,0.5,0.5,1.005776129591229
2024-12-24,1.0182539399341928,1.006614691904566,0.5,0.5,1.0124343159193794
2024-12-26,1.0052318378228868,0.9949954377652583,0.5,0.5,1.0001136377940725
2024-12-27,0.9692595501414742,0.9908153008097851,0.5,0.5,0.9800374254756297
2024-12-30,1.0029352826651798,0.9990288823275196,0.5,0.5,1.0009820824963498
2024-12-31,0.9841529613578395,0.9884676470600234,0.5,0.5,0.9863103042089314
2025-01-02,1.0855154092635546,1.0844396555311822,0.5,0.5,1.0849775323973683
2025-01-03,1.0848588585684664,1.0403957448503642,0.5,0.5,1.0626273017094152
2025-01-06,1.009793298532188,1.04706805144731,0.5,0.5,1.0284306749897492
2025-01-07,0.9964620848033259,0.9672695833402237,0.5,0.5,0.9818658340717747
2025-01-08,0.9843302252518953,0.953878716033829,0.5,0.5,0.9691044706428622
2025-01-10,1.0368134416658585,1.2515992828952132,0.5,0.5,1.1442063622805358
2025-01-13,0.972410563587867,0.9149709536120032,0.5,0.5,0.9436907585999351
2025-01-14,1.051686840411319,1.034486608668203,0.5,0.5,1.043086724539761
2025-01-15,0.9921413001796274,1.041194884557773,0.5,0.5,1.0166680923687001
2025-01-16,1.0285511040105317,1.0481098699882312,0.5,0.5,1.0383304869993815
2025-01-17,0.981954040251665,1.0035528182225306,0.5,0.5,0.9927534292370979
2025-01-21,1.0848062863097963,1.0230118544059357,0.5,0.5,1.053909070357866
2025-01-22,1.0081467337098273,1.0272833410410023,0.5,0.5,1.0177150373754147
2025-01-23,1.0269186589582144,1.0413572948009049,0.5,0.5,1.0341379768795598
2025-01-24,0.9959351194756704,1.0035237307115548,0.5,0.5,0.9997294250936126
2025-01-27,0.717283174805961,0.7915034517410006,0.5,0.5,0.7543933132734808
2025-01-28,1.0916253547327153,1.0138183914912848,0.5,0.5,1.052721873112
2025-01-29,1.037222836407362,1.0469511259478572,0.5,0.5,1.0420869811776097
2025-01-30,1.1358802888351076,1.0570761968097304,0.5,0.5,1.096478242822419
2025-01-31,0.9530913124517392,0.9722250096406997,0.5,0.5,0.9626581610462195
2025-02-03,1.0029756503206286,1.0211012771839163,0.5,0.5,1.0120384637522726
2025-02-04,0.9988133623224077,1.0000654111937544,0.5,0.5,0.9994393867580811
2025-02-05,1.0194854568917293,1.024483285368262,0.5,0.5,1.0219843711299956
2025-02-06,0.9899190054044144,0.9935315727740969,0.5,0.5,0.9917252890892556
2025-02-07,0.9824581854777228,0.9935537192856282,0.5,0.5,0.9880059523816755
2025-02-10,1.0089276500975326,1.0388648469121793,0.5,0.5,1.023896248504856
2025-02-11,0.9953678372934032,0.9743653130803999,0.5,0.5,0.9848665751869015
2025-02-12,0.9940336953086445,1.000701565871863,0.5,0.5,0.9973676305902537
2025-02-13,0.9942379104513671,0.9926387227663196,0.5,0.5,0.9934383166088434
2025-02-14,1.0121340852029213,1.0186521111963158,0.5,0.5,1.0153930981996186
2025-02-18,1.0096624940060135,1.0261583874452156,0.5,0.5,1.0179104407256145
2025-02-19,1.000413578366793,0.9879147578868087,0.5,0.5,0.9941641681268008
2025-02-20,0.9635664438754334,0.961932412060013,0.5,0.5,0.9627494279677232
2025-02-21,0.921926801292144,0.9192683126978483,0.5,0.5,0.9205975569949961
2025-02-24,0.9489497168604831,0.9412177725195662,0.5,0.5,0.9450837446900247
2025-02-25,0.966096895959612,0.9872627559539856,0.5,0.5,0.9766798259567988
2025-02-26,1.0744635405161878,1.0220574818501014,0.5,0.5,1.0482605111831447
2025-02-27,0.8773196308081225,0.9244835548045199,0.5,0.5,0.9009015928063212
2025-02-28,1.0280748574631995,1.0032234092766061,0.5,0.5,1.015649133369903
2025-03-03,0.927352908451491,0.9271387938843414,0.5,0.5,0.9272458511679162
2025-03-04,1.024122669886989,0.9972448186240165,0.5,0.5,1.0106837442555028
2025-03-05,0.999448596344264,0.9899417686939618,0.5,0.5,0.9946951825191128
2025-03-06,0.9017892784730335,0.905677583041121,0.5,0.5,0.9037334307570772
2025-03-07,0.9992132370615163,1.0252675241735543,0.5,0.5,1.0122403806175353
2025-03-10,0.9490027094072377,0.9513974356509816,0.5,0.5,0.9502000725291097
2025-03-11,1.054106524488063,1.0315018587140339,0.5,0.5,1.0428041916010484
2025-03-12,1.0661070446678842,1.0324575474681947,0.5,0.5,1.0492822960680395
2025-03-13,0.9678477788683355,0.9745530329523431,0.5,0.5,0.9712004059103393
2025-03-14,1.0547456733280225,1.0314004996543698,0.5,0.5,1.0430730864911961
2025-03-17,1.0147035742132373,1.0096090937552245,0.5,0.5,1.012156333984231
2025-03-18,0.9855094881038159,0.964811953977748,0.5,0.5,0.975160721040782
2025-03-19,1.0433071305956192,1.0341474853517616,0.5,0.5,1.0387273079736903
2025-03-20,1.0175427906561814,1.0063746834583462,0.5,0.5,1.0119587370572638
2025-03-21,0.9899923641603664,1.0138534338795788,0.5,0.5,1.0019228990199727
2025-03-24,1.0333895337945647,1.0275979465095266,0.5,0.5,1.0304937401520458
2025-03-25,0.9768044345088549,0.9923454149316276,0.5,0.5,0.9845749247202413
2025-03-26,0.9408239516036323,0.9563626646294141,0.5,0.5,0.9485933081165232
2025-03-27,0.9620998385623359,0.964188571089574,0.5,0.5,0.963144204825955
2025-03-28,0.9978208923106627,0.9817877983013732,0.5,0.5,0.9898043453060179
2025-03-31,0.9864761821086035,0.981693459164518,0.5,0.5,0.9840848206365608
2025-04-01,1.040871956311031,1.0263352892784916,0.5,0.5,1.0336036227947614
2025-04-02,1.040494079638662,1.0363389939202936,0.5,0.5,1.0384165367794778
2025-04-03,0.8507744604930733,0.887065387772794,0.5,0.5,0.8689199241329336
2025-04-04,0.9062932658349988,0.8986542273393376,0.5,0.5,0.9024737465871682
2025-04-07,1.0471092323220255,1.0516493045026805,0.5,0.5,1.0493792684123529
2025-04-08,0.9951310269894876,1.0286446786556227,0.5,0.5,1.0118878528225552
2025-04-09,1.1549074700871365,1.1649724116193862,0.5,0.5,1.1599399408532614
2025-04-10,0.9257753466291637,0.9491297614097886,0.5,0.5,0.9374525540194761
2025-04-11,1.0224234983372156,1.01838718533544,0.5,0.5,1.020405341836328
2025-04-14,1.008772767421029,0.9925570016824782,0.5,0.5,1.0006648845517536
2025-04-15,1.0271541142286973,1.0083212795657894,0.5,0.5,1.0177376968972434
2025-04-16,1.001036807047691,0.9797044670424484,0.5,0.5,0.9903706370450697
2025-04-17,0.9961162321628049,1.0121943898946069,0.5,0.5,1.0041553110287058
2025-04-21,0.9228902855119313,0.9319238850984434,0.5,0.5,0.9274070853051873
2025-04-22,1.0573601462322806,1.0429363561271496,0.5,0.5,1.050148251179715
2025-04-23,1.065435538143383,1.0444046512058236,0.5,0.5,1.0549200946746033
2025-04-24,1.035249959708964,1.0394185822447626,0.5,0.5,1.0373342709768631
2025-04-25,1.019399569982104,1.0225615402137673,0.5,0.5,1.0209805550979356
2025-04-28,1.0235312725142593,1.008206719905439,0.5,0.5,1.015868996209849
2025-04-29,0.9977625461585781,1.0072501032844912,0.5,0.5,1.0025063247215347
2025-04-30,1.0023197896844187,0.9867079521463757,0.5,0.5,0.9945138709153972
2025-05-01,1.0591684578128144,1.0768662105057074,0.5,0.5,1.068017334159261
2025-05-02,1.0144209416813146,1.0276167153460711,0.5,0.5,1.021018828513693
2025-05-05,1.005169340640113,1.0040848702820577,0.5,0.5,1.0046271054610854
2025-05-06,1.03428584323999,1.1029121067138314,0.5,0.5,1.0685989749769107
2025-05-07,0.9633977054971388,0.9791833315869057,0.5,0.5,0.9712905185420222
2025-05-08,1.010107662097548,1.0092124255518462,0.5,0.5,1.009660043824697
2025-05-09,0.9633808642197021,1.002882511488324,0.5,0.5,0.9831316878540131
2025-05-12,1.0761693471124576,1.0512583599068157,0.5,0.5,1.0637138535096367
2025-05-13,1.060989921850485,1.0218733016306176,0.5,0.5,1.0414316117405513
2025-05-14,0.998193424850115,0.9884400903008944,0.5,0.5,0.9933167575755046
2025-05-15,0.9828076641939986,0.9869856932498698,0.5,0.5,0.9848966787219342
2025-05-16,1.0299880410125593,1.025027125672471,0.5,0.5,1.0275075833425151
2025-05-19,1.0044696251738878,1.0099615028433435,0.5,0.5,1.0072155640086158
2025-05-20,0.9981565043032122,0.9944901232901039,0.5,0.5,0.9963233137966581
2025-05-21,0.9684138025873406,0.981908468507033,0.5,0.5,0.9751611355471868
2025-05-22,1.0174260733737472,1.015185888819317,0.5,0.5,1.016305981096532
2025-05-23,1.0222337913422848,1.0206538467448807,0.5,0.5,1.0214438190435828
2025-05-27,1.0360394264954924,1.0388921596015663,0.5,0.5,1.0374657930485294
2025-05-28,0.9908456585671939,0.996731887630695,0.5,0.5,0.9937887730989444
2025-05-29,0.9838015247057401,0.9848077851349908,0.5,0.5,0.9843046549203655
2025-05-30,1.0052589467915105,1.009163560303623,0.5,0.5,1.0072112535475668
2025-06-02,1.042971866912891,1.0237792449470458,0.5,0.5,1.0333755559299682
2025-06-03,1.0509345123381197,0.9987238619511875,0.5,0.5,1.0248291871446535
2025-06-04,0.981193082304294,0.9569050518315615,0.5,0.5,0.9690490670679277
2025-06-05,0.9894608711004916,0.9677507037077853,0.5,0.5,0.9786057874041385
2025-06-06,1.0160941659680574,1.0307712447960728,0.5,0.5,1.023432705382065
2025-06-09,0.97552128494814,1.0028782710250388,0.5,0.5,0.9891997779865894
2025-06-10,0.9721319846275284,0.971167217057407,0.5,0.5,0.9716496008424678
2025-06-11,1.0129972931232663,1.0040203354889745,0.5,0.5,1.0085088143061203
2025-06-12,1.0424485023384495,1.0280296597868361,0.5,0.5,1.0352390810626428
2025-06-13,0.9993099456389235,0.988381511609654,0.5,0.5,0.9938457286242888
2025-06-16,1.0198560062635906,1.0374549889146252,0.5,0.5,1.0286554975891078
2025-06-17,1.0031038835068258,0.9925001675781624,0.5,0.5,0.9978020255424941
2025-06-18,1.0203070378846872,1.0023879073441775,0.5,0.5,1.0113474726144323
2025-06-20,1.0219180695618628,0.9950723761028462,0.5,0.5,1.0084952228323545
2025-06-23,1.0078335441989958,1.0337465152458905,0.5,0.5,1.020790029722443
2025-06-24,0.9979628829221767,1.0172899951395582,0.5,0.5,1.0076264390308673
2025-06-25,1.0008058965131792,0.9827855456100811,0.5,0.5,0.9917957210616302
2025-06-26,1.0218977190078133,1.023386508294375,0.5,0.5,1.0226421136510941
2025-06-27,1.0243696785377436,0.9927443287393527,0.5,0.5,1.0085570036385483
2025-06-30,0.9936936745199398,1.0080894249154286,0.5,0.5,1.0008915497176842
2025-07-01,0.9550591652679806,0.9540216654674653,0.5,0.5,0.9545404153677229
2025-07-02,1.0103726210997679,0.9958104670475912,0.5,0.5,1.0030915440736796
2025-07-03,1.027697579432808,1.0171217793988379,0.5,0.5,1.0224096794158228
2025-07-07,1.0078043729767927,1.0204244637151985,0.5,0.5,1.0141144183459956
2025-07-08,0.9818275130053421,0.9830007673117483,0.5,0.5,0.9824141401585452
2025-07-09,1.0359133727879277,1.0136490868574868,0.5,0.5,1.0247812298227073
2025-07-10,0.9937567345435835,0.9889943801316452,0.5,0.5,0.9913755573376144
2025-07-11,1.004086277738107,1.0252534565096967,0.5,0.5,1.0146698671239018
2025-07-14,0.9909959553640749,1.01383954885746,0.5,0.5,1.0024177521107676
2025-07-15,0.9823417280011876,0.9754593750376429,0.5,0.5,0.9789005515194152
2025-07-16,0.9621675811312147,0.9692130638818385,0.5,0.5,0.9656903225065265
2025-07-17,0.9884321459514341,0.9996105027490761,0.5,0.5,0.9940213243502551
2025-07-18,1.0604944753073744,1.0433006308968271,0.5,0.5,1.0518975531021009
2025-07-21,0.9752343497224246,0.9889862875734499,0.5,0.5,0.9821103186479372
2025-07-22,1.0045690113823695,0.9997169415910468,0.5,0.5,1.0021429764867082
2025-07-23,1.058331924508139,1.0185970769443742,0.5,0.5,1.0384645007262567
2025-07-24,0.9806117109074798,0.9937287773688955,0.5,0.5,0.9871702441381877
2025-07-25,0.9794128613690525,1.0176578581946638,0.5,0.5,0.9985353597818581
2025-07-28,1.0191467262445313,1.0040017772348067,0.5,0.5,1.011574251739669
2025-07-29,1.0108230417888149,1.0056593682005672,0.5,0.5,1.008241204994691
2025-07-30,1.0457070606853691,1.0446266140948817,0.5,0.5,1.0451668373901253
2025-07-31,1.0071962462987314,1.0074435077443615,0.5,0.5,1.0073198770215464
2025-08-01,0.9976503898498957,0.979674582353405,0.5,0.5,0.9886624861016504
2025-08-04,1.0288872315409188,1.0414356160575358,0.5,0.5,1.0351614237992273
2025-08-05,0.9791647555122464,0.9681027013574516,0.5,0.5,0.973633728434849
2025-08-06,0.9582538537169714,0.9851268293005249,0.5,0.5,0.9716903415087481
2025-08-07,1.0235995941599791,0.993943073373615,0.5,0.5,1.0087713337667972
2025-08-08,0.9831217492287108,0.9980828635560232,0.5,0.5,0.990602306392367
2025-08-11,0.9899069885135554,0.9872677563824538,0.5,0.5,0.9885873724480045
2025-08-12,1.047381066941963,1.021358093163835,0.5,0.5,1.034369580052899
2025-08-13,0.9795762649301706,0.967687645152431,0.5,0.5,0.9736319550413008
2025-08-14,0.9857268842643087,0.9956658635181949,0.5,0.5,0.9906963738912518
2025-08-15,0.9751915221274254,0.9877992342769902,0.5,0.5,0.9814953782022078
2025-08-18,1.0082601916112335,1.0028833885175141,0.5,0.5,1.0055717900643737
2025-08-19,0.9726578288398193,0.9828515554542951,0.5,0.5,0.9777546921470572
2025-08-20,0.9968479534691034,0.9904645493303559,0.5,0.5,0.9936562513997296
2025-08-21,0.9863665716996034,0.9946214051399883,0.5,0.5,0.9904939884197959
2025-08-22,1.0009460261949115,0.9924484640343896,0.5,0.5,0.9966972451146505
2025-08-25,0.9980047837258422,1.001676683927791,0.5,0.5,0.9998407338268167
2025-08-26,1.026515153957087,1.018990499670935,0.5,0.5,1.022752826814011
2025-08-27,0.9973350802725917,0.9979783938727922,0.5,0.5,0.9976567370726919
2025-08-28,1.0107912748869043,1.0114262471417652,0.5,0.5,1.0111087610143348
2025-08-29,0.9614133605095494,0.9637929072081358,0.5,0.5,0.9626031338588426
2025-09-02,0.9825498015325642,0.9974348377350561,0.5,0.5,0.9899923196338102
2025-09-03,1.0124320482374254,1.0041993198697752,0.5,0.5,1.0083156840536003
2025-09-04,1.0085583382384182,1.0018802024289366,0.5,0.5,1.0052192703336775
2025-09-05,0.9908818268025836,0.975797559144128,0.5,0.5,0.9833396929733558
2025-09-08,1.0000532034549818,0.9908482175741655,0.5,0.5,0.9954507105145737
2025-09-09,1.0306899167789068,1.0066930058335137,0.5,0.5,1.0186914613062101
2025-09-10,1.0796263438376241,1.063759034593384,0.5,0.5,1.071692689215504
2025-09-11,0.9753358039603784,0.9937500831857216,0.5,0.5,0.98454294357305
2025-09-12,1.027689213554451,1.0172326142767338,0.5,0.5,1.0224609139155925
2025-09-15,1.0182165806083565,1.0214542441313272,0.5,0.5,1.0198354123698419
2025-09-16,0.9808448103086138,0.9772713404823599,0.5,0.5,0.9790580753954868
2025-09-17,0.9946521913040897,0.9949365515107981,0.5,0.5,0.9947943714074439
2025-09-18,1.0088810069484477,1.0044666202325603,0.5,0.5,1.006673813590504
2025-09-19,1.006411492641375,1.0253787952877067,0.5,0.5,1.0158951439645407
2025-09-22,1.0314275513403866,1.0490179392419645,0.5,0.5,1.0402227452911754
2025-09-23,0.9372246405283644,0.9698374536769196,0.5,0.5,0.953531047102642
2025-09-24,0.9893262977922087,1.0073666908561087,0.5,0.5,0.9983464943241587
2025-09-25,0.9978223883047327,0.9622563568050956,0.5,0.5,0.9800393725549141
2025-09-26,1.0277750731483164,1.0151074864761631,0.5,0.5,1.0214412798122399
2025-09-29,0.955216674135477,1.0090714255321904,0.5,0.5,0.9821440498338336
2025-09-30,0.989794911091396,0.9844584098103493,0.5,0.5,0.9871266604508726
2025-10-01,1.0285319914476734,1.06633842689427,0.5,0.5,1.0474352091709718
2025-10-02,1.0056572587325887,1.018694809066998,0.5,0.5,1.0121760338997934
2025-10-03,0.9967432809453055,1.007105752499927,0.5,0.5,1.0019245167226163
2025-10-06,0.9921777435316758,1.0113888601156003,0.5,0.5,1.001783301823638
2025-10-07,0.9960579985440431,0.9836857547381312,0.5,0.5,0.9898718766410872
2025-10-08,1.0347160949980925,1.0358498662746818,0.5,0.5,1.0352829806363872
2025-10-09,1.0167029910441352,1.0329650045082022,0.5,0.5,1.0248339977761687
2025-10-10,0.937428541118202,0.961537351397038,0.5,0.5,0.94948294625762
2025-10-13,1.0644620902240596,1.033705265934332,0.5,0.5,1.049083678079196
2025-10-14,0.9807205643176262,1.022708708962837,0.5,0.5,1.0017146366402316
2025-10-15,1.0259841448612037,1.0369391049968797,0.5,0.5,1.0314616249290416
2025-10-16,0.9978657102045047,0.9816315129347504,0.5,0.5,0.9897486115696275
2025-10-17,0.9569867739495043,0.9747055279879776,0.5,0.5,0.9658461509687409
2025-10-20,0.9646883774654523,0.9573091796604494,0.5,0.5,0.9609987785629508
2025-10-21,0.9602552945046552,0.9697026888616229,0.5,0.5,0.964978991683139
2025-10-22,0.9963006945129197,0.9756682787837888,0.5,0.5,0.9859844866483543
2025-10-23,1.029812109989674,1.0449635766389112,0.5,0.5,1.0373878433142925
2025-10-24,1.0527773824467703,1.0639421743133652,0.5,0.5,1.0583597783800678
2025-10-27,0.9892292145508321,1.0050359876487807,0.5,0.5,0.9971326010998064
2025-10-28,0.9562969837864886,0.9841494428949176,0.5,0.5,0.9702232133407032
2025-10-29,1.0460674641700312,1.0428106556257464,0.5,0.5,1.0444390598978888
2025-10-30,0.95154745472832,0.9527938348114726,0.5,0.5,0.9521706447698963
2025-10-31,0.9925675545430048,0.9856723679126604,0.5,0.5,0.9891199612278326
2025-11-03,1.025172553697209,1.001883247436736,0.5,0.5,1.0135279005669724
2025-11-04,0.9621840699973779,0.9605783051367747,0.5,0.5,0.9613811875670764
2025-11-05,1.0196511304046108,1.001185122502633,0.5,0.5,1.0104181264536218
2025-11-06,0.9748138122948073,0.9671024967264875,0.5,0.5,0.9709581545106474
2025-11-07,1.0345574944368243,1.0201822886570548,0.5,0.5,1.0273698915469396
2025-11-10,0.985759180204566,1.0070872276606986,0.5,0.5,0.9964232039326323
2025-11-11,0.9515615085453638,0.9743440350554295,0.5,0.5,0.9629527718003967
2025-11-12,0.995032414507372,1.006682362297933,0.5,0.5,1.0008573884026526
2025-11-13,0.9623603857644828,0.9483645732004602,0.5,0.5,0.9553624794824715
2025-11-14,1.0182443447017526,1.0082801346221189,0.5,0.5,1.0132622396619357
2025-11-17,1.0017745515469123,1.0015911598169285,0.5,0.5,1.0016828556819204
2025-11-18,0.9966857356795077,1.0020077728108865,0.5,0.5,0.999346754245197
2025-11-19,1.0270611684571092,1.0534257202928792,0.5,0.5,1.0402434443749942
2025-11-20,0.970134957868266,0.9672708605359843,0.5,0.5,0.9687029092021251
2025-11-21,0.970078924838803,0.9778182517271944,0.5,0.5,0.9739485882829987
2025-11-24,1.0388516377299584,1.0473071132885563,0.5,0.5,1.0430793755092573
2025-11-25,0.9754482181657623,0.9929117233406121,0.5,0.5,0.9841799707531872
2025-11-26,1.034886501542719,1.0213171401516636,0.5,0.5,1.0281018208471915
2025-11-28,1.0116515374037094,1.0146760097965641,0.5,0.5,1.0131637736001369
2025-12-01,0.9708151810060001,0.985426389225119,0.5,0.5,0.9781207851155596
2025-12-02,0.9937226094445833,1.012867457929278,0.5,0.5,1.0032950336869306
2025-12-03,0.9947841237310133,0.9933730169082999,0.5,0.5,0.9940785703196566
2025-12-04,1.0257500966279347,1.0203731306740171,0.5,0.5,1.023061613650976
2025-12-05,0.9494519933676077,0.9761272401287872,0.5,0.5,0.9627896167481974
2025-12-08,0.9937188206375253,0.9940247710699163,0.5,0.5,0.9938717958537208
2025-12-09,0.9921142104387166,1.0041378405069394,0.5,0.5,0.998126025472828
2025-12-10,1.0021843320778931,1.0081303695169304,0.5,0.5,1.0051573507974116
2025-12-11,1.0570926662358413,1.0456541526613745,0.5,0.5,1.0513734094486078
2025-12-12,0.974226907568052,0.9296882825040907,0.5,0.5,0.9519575950360714
2025-12-15,0.9891239425642989,1.014659954191067,0.5,0.5,1.001891948377683
2025-12-16,1.0309063803561251,1.0237581339641573,0.5,0.5,1.027332257160141
2025-12-17,0.9222831161242379,0.9325675392310779,0.5,0.5,0.9274253276776578
2025-12-18,1.038757294999921,1.058890855761198,0.5,0.5,1.0488240753805596
2025-12-19,0.9811036505975061,0.9843510804905599,0.5,0.5,0.982727365544033
2025-12-22,0.9924264117159739,1.0067811912709472,0.5,0.5,0.9996038014934605
2025-12-23,1.0006189577734619,1.0098375115677944,0.5,0.5,1.005228234670628
2025-12-24,1.001793819959451,1.0072511374001005,0.5,0.5,1.0045224786797757
2025-12-26,0.9982093920687956,0.9904107798879164,0.5,0.5,0.994310085978356
2025-12-29,1.0010514355663274,0.9940908251091408,0.5,0.5,0.9975711303377341
2025-12-30,1.004819627683313,0.9966232066630833,0.5,0.5,1.0007214171731982
2025-12-31,0.992067421933739,0.9892193544947953,0.5,0.5,0.9906433882142671
2026-01-02,1.0241740319666013,1.0367424773398821,0.5,0.5,1.0304582546532417
2026-01-05,0.9860799599621297,0.9691194519558435,0.5,0.5,0.9775997059589866
2026-01-06,1.040508254812752,0.9989856076838579,0.5,0.5,1.019746931248305
2026-01-07,0.9119330433756703,0.9550173249317866,0.5,0.5,0.9334751841537284
2026-01-08,0.9741267697061414,0.9524849903128906,0.5,0.5,0.963305880009516
2026-01-09,1.104714386578218,1.0619456917524959,0.5,0.5,1.0833300391653569
2026-01-12,1.0373265201929656,0.9805558539027597,0.5,0.5,1.0089411870478626
2026-01-13,0.9932784089238973,0.9930627653564925,0.5,0.5,0.9931705871401949
2026-01-14,0.985707660401304,0.9905555870610965,0.5,0.5,0.9881316237312002
2026-01-15,1.0663430673851586,1.0327500712622653,0.5,0.5,1.049546569323712
2026-01-16,0.9246309633749117,0.9018463857437256,0.5,0.5,0.9132386745593186
2026-01-20,0.9412364409565289,0.9599948318696597,0.5,0.5,0.9506156364130943
2026-01-21,1.0204707338224834,0.9965132628733312,0.5,0.5,1.0084919983479073
2026-01-22,1.0021246497469394,0.976152477255298,0.5,0.5,0.9891385635011187
2026-01-23,0.9985033876968121,1.0059508790197405,0.5,0.5,1.0022271333582764
2026-01-26,0.9918186555646836,0.9868885479992309,0.5,0.5,0.9893536017819573
2026-01-27,1.0343176768305555,1.0122340124213367,0.5,0.5,1.023275844625946
2026-01-28,1.0084013641321647,0.9971949489791267,0.5,0.5,1.0027981565556456
2026-01-29,0.9815261985158563,0.9982635547055733,0.5,0.5,0.9898948766107147
2026-01-30,0.9739820990480744,0.9764480570836941,0.5,0.5,0.9752150780658843
2026-02-02,0.974171053783142,0.9650848102639202,0.5,0.5,0.969627932023531
2026-02-03,0.9918320578703385,0.9910292742859609,0.5,0.5,0.9914306660781497
2026-02-04,0.9315032363298233,0.9329856222145962,0.5,0.5,0.9322444292722099
2026-02-05,1.0038591398929635,0.9864249171995102,0.5,0.5,0.9951420285462369
2026-02-06,1.0459914243266621,1.0581236255828663,0.5,0.5,1.0520575249547641
2026-02-09,1.022185086493892,1.0410450137657707,0.5,0.5,1.0316150501298313
2026-02-10,1.0433418552977436,0.9962889368392772,0.5,0.5,1.0198153960685103
2026-02-11,1.0034460484943606,1.021059114384796,0.5,0.5,1.0122525814395784
2026-02-12,1.0184203435988617,0.9973631454583685,0.5,0.5,1.007891744528615
2026-02-13,1.0514408309780792,1.0445820300974065,0.5,0.5,1.0480114305377428
2026-02-17,1.012770305482472,1.0505496455161263,0.5,0.5,1.031659975499299
2026-02-18,0.982093619075788,0.9704299701364455,0.5,0.5,0.9762617946061167
2026-02-19,1.0113149864627213,0.991872170471568,0.5,0.5,1.0015935784671446
2026-02-20,0.9936231350026041,1.0109030686648508,0.5,0.5,1.0022631018337274
2026-02-23,0.978996516892075,0.9964726960933915,0.5,0.5,0.9877346064927333
2026-02-24,1.022765153032792,1.0641253031426834,0.5,0.5,1.0434452280877378
2026-02-25,1.021792355852929,1.0422210185465366,0.5,0.5,1.0320066871997327
2026-02-26,1.008325798526184,0.9930027300577337,0.5,0.5,1.0006642642919588
2026-02-27,0.9834294681519388,1.0195327191206796,0.5,0.5,1.0014810936363092
2026-03-02,0.9545689915523274,0.9917545407919768,0.5,0.5,0.9731617661721521
2026-03-03,0.9741550192562214,0.9930002776576174,0.5,0.5,0.9835776484569194
2026-03-04,1.0102659662176177,0.9937822439110052,0.5,0.5,1.0020241050643115
2026-03-05,1.024730584283016,1.02855819188173,0.5,0.5,1.026644388082373
2026-03-06,0.9477299701408781,0.9608213974551355,0.5,0.5,0.9542756837980069
2026-03-09,1.0313268013223769,1.0136740679817462,0.5,0.5,1.0225004346520614
2026-03-10,1.0047671956723288,0.9817332079909018,0.5,0.5,0.9932502018316153
2026-03-11,0.9681265969114938,0.9482796263492614,0.5,0.5,0.9582031116303776
2026-03-12,1.0026387939673793,1.0028601124751912,0.5,0.5,1.0027494532212853
2026-03-13,0.9960520827867669,1.0007294851681485,0.5,0.5,0.9983907839774577
2026-03-16,1.0191256047916533,1.0126255702513274,0.5,0.5,1.0158755875214904
2026-03-17,1.0144453043682085,1.0069048798365066,0.5,0.5,1.0106750921023575
2026-03-18,1.0352339314505257,1.0309727722317392,0.5,0.5,1.0331033518411323
2026-03-19,0.9838349831450118,0.9976356982774071,0.5,0.5,0.9907353407112094
2026-03-20,0.8736284462641245,0.89104811839905,0.5,0.5,0.8823382823315873
2026-03-23,1.0360908701511782,1.0275542347349,0.5,0.5,1.031822552443039
2026-03-24,1.0094520986055289,1.0175662203681448,0.5,0.5,1.0135091594868368
2026-03-25,0.9920769597682326,1.0287265318959717,0.5,0.5,1.0104017458321022
2026-03-26,1.0052142338694774,0.9731965829122233,0.5,0.5,0.9892054083908504
2026-03-27,1.0208797939071645,1.0213421695936158,0.5,0.5,1.02111098175039
2026-03-30,0.9489323214587669,0.9904473879953556,0.5,0.5,0.9696898547270613
2026-03-31,1.0189101848439903,0.9351663049520695,0.5,0.5,0.9770382448980299
2026-04-01,1.024146909057395,1.0007519480873428,0.5,0.5,1.0124494285723689
2026-04-02,0.9819432715195151,0.9762399981013086,0.5,0.5,0.9790916348104118
2026-04-06,1.0027120232965527,1.0085770641788647,0.5,0.5,1.0056445437377088
2026-04-07,1.0137871653036528,0.9906235587266409,0.5,0.5,1.0022053620151468
2026-04-08,1.0143805753461326,1.0428865295028227,0.5,0.5,1.0286335524244776
2026-04-09,0.9798575957281264,0.9858585159156343,0.5,0.5,0.9828580558218803
2026-04-10,1.0129623288218597,1.0223015936549582,0.5,0.5,1.017631961238409
2026-04-13,1.0224261702095137,1.0182198287528341,0.5,0.5,1.020322999481174
2026-04-14,1.036472846926468,1.0167626546323378,0.5,0.5,1.026617750779403
2026-04-15,0.9937183706066423,0.9936617389575834,0.5,0.5,0.9936900547821128
2026-04-16,1.015895398914223,1.0149628772180828,0.5,0.5,1.0154291380661529
2026-04-17,0.9874947617912471,0.9902051841348137,0.5,0.5,0.9888499729630305
2026-04-20,0.9763856573363024,0.9707977957625678,0.5,0.5,0.9735917265494352
2026-04-21,0.9706140209144832,0.9657115336927593,0.5,0.5,0.9681627773036212
2026-04-22,1.0056806507211946,1.034065491629683,0.5,0.5,1.019873071175439
2026-04-23,1.0068041136341532,1.0195361137584829,0.5,0.5,1.013170113696318
2026-04-24,1.0478163832206053,1.0709089684771425,0.5,0.5,1.059362675848874
2026-04-27,1.0135685770898877,1.0052307440942096,0.5,0.5,1.0093996605920488
2026-04-28,0.9672229159932132,0.9699843960172507,0.5,0.5,0.968603656005232
2026-04-29,0.9545059455486989,0.9715089984817983,0.5,0.5,0.9630074720152486
2026-04-30,1.026334633126764,1.053872085404146,0.5,0.5,1.040103359265455
2026-05-01,0.9837810591865859,0.9834184433259632,0.5,0.5,0.9835997512562745
2026-05-04,1.0358707326636158,1.043013519158753,0.5,0.5,1.0394421259111843
2026-05-05,0.997078015524596,0.9980377663571991,0.5,0.5,0.9975578909408975
2026-05-06,0.9869683780206464,1.0073652837125182,0.5,0.5,0.9971668308665823
2026-05-07,0.972581991774771,0.9643720573570418,0.5,0.5,0.9684770245659065
2026-05-08,0.9595323426369824,0.9754240882936314,0.5,0.5,0.9674782154653069
2026-05-11,1.029312224446745,0.9870236444567569,0.5,0.5,1.008167934451751
2026-05-12,0.9659322076250992,0.9796790578855213,0.5,0.5,0.9728056327553103
2026-05-13,0.9709947937055701,0.9362738673177482,0.5,0.5,0.9536343305116591
2026-05-14,0.995021339942301,1.0013459536829596,0.5,0.5,0.9981836468126304
2026-05-15,0.98435517042853,0.9722267872180905,0.5,0.5,0.9782909788233103
2026-05-18,0.9790235335809172,0.9805388773597727,0.5,0.5,0.979781205470345
2026-05-19,0.9850823160063414,0.9949237153730319,0.5,0.5,0.9900030156896866
2026-05-20,1.0689629041876998,1.0789887416167983,0.5,0.5,1.073975822902249
