Date,SMR,OKLO,NNE,NNE weight,OKLO weight,SMR weight,weightedReturn
2023-06-06,1.0297157656169103,0.974647932980244,0.0,0.0,0.5,0.5,1.002181849298577
2023-06-07,1.0338770373945043,1.01830439097192,0.0,0.0,0.5,0.5,1.026090714183212
2023-06-08,0.996359255606251,0.9981078992746661,0.0,0.0,0.5,0.5,0.9972335774404586
2023-06-09,0.9598051251921143,0.999052111023598,0.0,0.0,0.5,0.5,0.9794286181078562
2023-06-12,1.0469542995159378,1.0023718803245496,0.0,0.0,0.5,0.5,1.0246630899202436
2023-06-13,1.0230302521676728,1.0042593542906997,0.0,0.0,0.5,0.5,1.0136448032291863
2023-06-14,0.9751184776554888,1.0028275860147298,0.0,0.0,0.5,0.5,0.9889730318351093
2023-06-15,0.9854192111502263,0.9971803866844483,0.0,0.0,0.5,0.5,0.9912997989173373
2023-06-16,1.007398325789977,0.9995287356642117,0.0,0.0,0.5,0.5,1.0034635307270943
2023-06-20,0.9669522670250708,0.9995286033962857,0.0,0.0,0.5,0.5,0.9832404352106783
2023-06-21,1.02278478812224,0.9971697466447309,0.0,0.0,0.5,0.5,1.0099772673834855
2023-06-22,0.9579207727972424,1.0033112439378071,0.0,0.0,0.5,0.5,0.9806160083675248
2023-06-23,0.9392765110994633,0.9993399368425672,0.0,0.0,0.5,0.5,0.9693082239710152
2023-06-26,0.9257221508569787,0.9973580034857077,0.0,0.0,0.5,0.5,0.9615400771713432
2023-06-27,0.9791976424830874,0.997161803799684,0.0,0.0,0.5,0.5,0.9881797231413857
2023-06-28,1.0121395936045068,0.9886148115755795,0.0,0.0,0.5,0.5,1.0003772025900433
2023-06-29,1.025487267518654,1.0019193381902995,0.0,0.0,0.5,0.5,1.0137033028544766
2023-06-30,0.9941520524911255,0.9990422149799404,0.0,0.0,0.5,0.5,0.9965971337355329
2023-07-03,1.0397058784342967,0.9990412053126333,0.0,0.0,0.5,0.5,1.019373541873465
2023-07-05,0.9773691201747639,1.0067178209512178,0.0,0.0,0.5,0.5,0.9920434705629908
2023-07-06,0.9652677602868476,0.999046689313629,0.0,0.0,0.5,0.5,0.9821572248002384
2023-07-07,1.088455793978898,1.0019084407096648,0.0,0.0,0.5,0.5,1.0451821173442815
2023-07-10,1.0316803767197336,1.0028571174258278,0.0,0.0,0.5,0.5,1.0172687470727806
2023-07-11,1.0520694733298412,0.985755021620694,0.0,0.0,0.5,0.5,1.0189122474752677
2023-07-12,0.9682741121358807,1.0,0.0,0.0,0.5,0.5,0.9841370560679403
2023-07-13,1.0314547532789584,0.998073173647094,0.0,0.0,0.5,0.5,1.014763963463026
2023-07-14,0.9720457695818605,1.0009652730900807,0.0,0.0,0.5,0.5,0.9865055213359706
2023-07-17,1.0248366084773668,0.998071407491797,0.0,0.0,0.5,0.5,1.011454007984582
2023-07-18,1.001275478552303,1.0,0.0,0.0,0.5,0.5,1.0006377392761516
2023-07-19,0.9808917073643643,1.0,0.0,0.0,0.5,0.5,0.9904458536821821
2023-07-20,0.9727272670975541,0.9990337943465452,0.0,0.0,0.5,0.5,0.9858805307220496
2023-07-21,0.9933244705706792,1.0019341879878358,0.0,0.0,0.5,0.5,0.9976293292792575
2023-07-24,0.9892473221652175,0.9961389996931856,0.0,0.0,0.5,0.5,0.9926931609292016
2023-07-25,1.017662993919225,1.0,0.0,0.0,0.5,0.5,1.0088314969596124
2023-07-26,0.9879840215619531,1.001938028910379,0.0,0.0,0.5,0.5,0.994961025236166
2023-07-27,0.9256756508585485,1.0,0.0,0.0,0.5,0.5,0.9628378254292742
2023-07-28,1.029197122465219,0.9990328598903034,0.0,0.0,0.5,0.5,1.0141149911777612
2023-07-31,1.0751772650542222,1.0,0.0,0.0,0.5,0.5,1.037588632527111
2023-08-01,0.9894459202491732,1.0,0.0,0.0,0.5,0.5,0.9947229601245866
2023-08-02,0.9693333307902018,1.0019361527503765,0.0,0.0,0.5,0.5,0.9856347417702891
2023-08-03,0.9766162205309552,1.0,0.0,0.0,0.5,0.5,0.9883081102654776
2023-08-04,1.0408450655983543,0.9990337943465452,0.0,0.0,0.5,0.5,1.0199394299724498
2023-08-07,0.9539919239657005,1.0009671401096965,0.0,0.0,0.5,0.5,0.9774795320376986
2023-08-08,0.9801417958106238,0.9980675886930903,0.0,0.0,0.5,0.5,0.989104692251857
2023-08-09,1.0014472111581278,1.0,0.0,0.0,0.5,0.5,1.000723605579064
2023-08-10,1.0216763141204712,1.0009680763751883,0.0,0.0,0.5,0.5,1.0113221952478297
2023-08-11,1.0183875013362569,1.0009671401096965,0.0,0.0,0.5,0.5,1.0096773207229766
2023-08-14,0.9916666743931949,0.9980675886930903,0.0,0.0,0.5,0.5,0.9948671315431425
2023-08-15,0.9789915828890255,1.0,0.0,0.0,0.5,0.5,0.9894957914445128
2023-08-16,0.9985694202615005,1.0,0.0,0.0,0.5,0.5,0.9992847101307503
2023-08-17,0.9613180544142244,1.0,0.0,0.0,0.5,0.5,0.9806590272071122
2023-08-18,0.9940387538560919,1.0,0.0,0.0,0.5,0.5,0.997019376928046
2023-08-21,0.9790105150098614,1.0009680763751883,0.0,0.0,0.5,0.5,0.9899892956925248
2023-08-22,0.9540581652226826,0.9990328598903034,0.0,0.0,0.5,0.5,0.976545512556493
2023-08-23,0.9791332080187937,1.0019361527503765,0.0,0.0,0.5,0.5,0.9905346803845851
2023-08-24,0.9540984037133264,1.0009661135110122,0.0,0.0,0.5,0.5,0.9775322586121693
2023-08-25,1.005154593141984,0.9980695458733471,0.0,0.0,0.5,0.5,1.0016120695076656
2023-08-28,1.0290598425752664,1.0009671401096965,0.0,0.0,0.5,0.5,1.0150134913424815
2023-08-29,0.9966777440216145,1.0,0.0,0.0,0.5,0.5,0.9983388720108073
2023-08-30,1.0016667048136394,1.0009661135110122,0.0,0.0,0.5,0.5,1.001316409162326
2023-08-31,0.9933443532168338,1.0,0.0,0.0,0.5,0.5,0.9966721766084169
2023-09-01,1.0485762895949575,0.9980695458733471,0.0,0.0,0.5,0.5,1.0233229177341523
2023-09-05,0.9904152687822798,0.9990328598903034,0.0,0.0,0.5,0.5,0.9947240643362916
2023-09-06,0.9435484007419587,1.0029041368047202,0.0,0.0,0.5,0.5,0.9732262687733395
2023-09-07,1.0119658415047057,0.9971042727832664,0.0,0.0,0.5,0.5,1.0045350571439862
2023-09-08,1.0,1.0029041368047202,0.0,0.0,0.5,0.5,1.0014520684023602
2023-09-11,1.0,1.0,0.0,0.0,0.5,0.5,1.0
2023-09-12,1.0439188764685698,1.0019305461801615,0.0,0.0,0.5,0.5,1.0229247113243658
2023-09-13,1.0291262637824654,1.0,0.0,0.0,0.5,0.5,1.0145631318912327
2023-09-14,0.9685534147950121,0.998073173647094,0.0,0.0,0.5,0.5,0.9833132942210531
2023-09-15,0.9740259981533397,0.9971042727832664,0.0,0.0,0.5,0.5,0.985565135468303
2023-09-18,0.918333371480306,1.0019361527503765,0.0,0.0,0.5,0.5,0.9601347621153413
2023-09-19,1.0290380836235606,0.9990337943465452,0.0,0.0,0.5,0.5,1.0140359389850528
2023-09-20,0.9770722905305692,1.0009671401096965,0.0,0.0,0.5,0.5,0.9890197153201328
2023-09-21,0.9584837507838979,1.0,0.0,0.0,0.5,0.5,0.979241875391949
2023-09-22,0.9868172933303772,1.0,0.0,0.0,0.5,0.5,0.9934086466651886
2023-09-25,0.9866412790301933,1.0,0.0,0.0,0.5,0.5,0.9933206395150966
2023-09-26,0.9806576589638559,1.0019323191644671,0.0,0.0,0.5,0.5,0.9912949890641616
2023-09-27,1.0138066454544676,0.9990356577635298,0.0,0.0,0.5,0.5,1.0064211516089987
2023-09-28,0.9844358121042611,1.0009652730900807,0.0,0.0,0.5,0.5,0.9927005425971709
2023-09-29,0.9683794764384486,0.998071407491797,0.0,0.0,0.5,0.5,0.9832254419651227
2023-10-02,0.9204081920622185,0.9980675886930903,0.0,0.0,0.5,0.5,0.9592378903776544
2023-10-03,1.0997782231547037,1.0,0.0,0.0,0.5,0.5,1.0498891115773519
2023-10-04,0.943548345230869,0.9990319236248117,0.0,0.0,0.5,0.5,0.9712901344278404
2023-10-05,1.0,1.0,0.0,0.0,0.5,0.5,1.0
2023-10-06,1.228632523698451,1.0,0.0,0.0,0.5,0.5,1.1143162618492255
2023-10-09,0.9426087089206862,0.9980620634999257,0.0,0.0,0.5,0.5,0.9703353862103059
2023-10-10,1.053505527264,1.002912595380161,0.0,0.0,0.5,0.5,1.0282090613220805
2023-10-11,1.0052538936551263,1.0,0.0,0.0,0.5,0.5,1.0026269468275633
2023-10-12,0.9547038741442267,1.0,0.0,0.0,0.5,0.5,0.9773519370721133
2023-10-13,1.0547445601625354,0.9970958631952799,0.0,0.0,0.5,0.5,1.0259202116789077
2023-10-16,1.017301020934718,1.0,0.0,0.0,0.5,0.5,1.0086505104673589
2023-10-17,0.9540816367905486,1.0009708959899661,0.0,0.0,0.5,0.5,0.9775262663902573
2023-10-18,0.8983956937440751,1.0009698617653298,0.0,0.0,0.5,0.5,0.9496827777547024
2023-10-19,0.8849206491873048,0.9980620634999257,0.0,0.0,0.5,0.5,0.9414913563436152
2023-10-20,0.8520179192408923,1.0019416993901946,0.0,0.0,0.5,0.5,0.9269798093155435
2023-10-23,0.9078947607830293,1.0,0.0,0.0,0.5,0.5,0.9539473803915146
2023-10-24,1.0637681233534866,0.9990310779551153,0.0,0.0,0.5,0.5,1.031399600654301
2023-10-25,0.9536784542888578,1.0,0.0,0.0,0.5,0.5,0.9768392271444288
2023-10-26,1.0114285605294364,1.0009698617653298,0.0,0.0,0.5,0.5,1.0061992111473832
2023-10-27,0.9039548254708633,0.9970930490447362,0.0,0.0,0.5,0.5,0.9505239372577997
2023-10-30,0.9593749648425733,1.0004859197725418,0.0,0.0,0.5,0.5,0.9799304423075575
2023-10-31,1.1009772599150096,1.0024283262112683,0.0,0.0,0.5,0.5,1.0517027930631389
2023-11-01,0.9201182810049244,0.9990310779551153,0.0,0.0,0.5,0.5,0.9595746794800198
2023-11-02,1.118971104970491,0.9990300457347403,0.0,0.0,0.5,0.5,1.0590005753526155
2023-11-03,0.9913793186134069,1.0,0.0,0.0,0.5,0.5,0.9956896593067035
2023-11-06,0.9449275204074207,1.0009708959899661,0.0,0.0,0.5,0.5,0.9729492081986935
2023-11-07,0.9846625912691555,0.9990300457347403,0.0,0.0,0.5,0.5,0.9918463185019479
2023-11-08,0.9657320460413752,0.9990291040100338,0.0,0.0,0.5,0.5,0.9823805750257044
2023-11-09,0.6709677379659756,1.0,0.0,0.0,0.5,0.5,0.8354838689829878
2023-11-10,1.0048076878990646,1.0009718395450835,0.0,0.0,0.5,0.5,1.0028897637220742
2023-11-13,1.105263175906718,0.9990291040100338,0.0,0.0,0.5,0.5,1.0521461399583758
2023-11-14,1.0606061075203828,1.0009718395450835,0.0,0.0,0.5,0.5,1.0307889735327331
2023-11-15,1.09387755697839,1.002912595380161,0.0,0.0,0.5,0.5,1.0483950761792755
2023-11-16,0.8619402556861273,0.9990319236248117,0.0,0.0,0.5,0.5,0.9304860896554695
2023-11-17,1.0822511090592664,0.9990310779551153,0.0,0.0,0.5,0.5,1.0406410935071908
2023-11-20,1.0239999771118165,1.0009698617653298,0.0,0.0,0.5,0.5,1.012484919438573
2023-11-21,0.9687500291038311,1.0009690144551895,0.0,0.0,0.5,0.5,0.9848595217795103
2023-11-22,1.0362902876923907,1.0014521145627824,0.0,0.0,0.5,0.5,1.0188712011275864
2023-11-24,1.1011673140921805,0.9995166636721263,0.0,0.0,0.5,0.5,1.0503419888821535
2023-11-27,0.9858657374800757,0.9990328598903034,0.0,0.0,0.5,0.5,0.9924492986851896
2023-11-28,0.9569892877420034,1.0,0.0,0.0,0.5,0.5,0.9784946438710017
2023-11-29,1.0337078320590292,1.0019361527503765,0.0,0.0,0.5,0.5,1.017821992404703
2023-11-30,1.0036231849629746,1.0,0.0,0.0,0.5,0.5,1.0018115924814874
2023-12-01,1.0974729179731633,1.0028985248179219,0.0,0.0,0.5,0.5,1.0501857213955426
2023-12-04,1.0361842548995803,0.9971098523467784,0.0,0.0,0.5,0.5,1.0166470536231793
2023-12-05,0.9777777239548903,0.9990337943465452,0.0,0.0,0.5,0.5,0.9884057591507177
2023-12-06,1.0097402506924975,1.0019341879878358,0.0,0.0,0.5,0.5,1.0058372193401666
2023-12-07,1.0096463700386797,1.0009652730900807,0.0,0.0,0.5,0.5,1.0053058215643802
2023-12-08,1.0286623920899705,0.9990356577635298,0.0,0.0,0.5,0.5,1.01384902492675
2023-12-11,0.9566563145271023,1.0019305461801615,0.0,0.0,0.5,0.5,0.9792934303536319
2023-12-12,0.9190938488853623,1.0086705348358023,0.0,0.0,0.5,0.5,0.9638821918605822
2023-12-13,1.1232394907143937,1.0124164385029009,0.0,0.0,0.5,0.5,1.0678279646086473
2023-12-14,1.0909090773201153,0.9981131644298207,0.0,0.0,0.5,0.5,1.044511120874968
2023-12-15,1.0172413627731862,0.9810964262091337,0.0,0.0,0.5,0.5,0.99916889449116
2023-12-18,0.960452014690895,1.0240847781545006,0.0,0.0,0.5,0.5,0.9922683964226978
2023-12-19,1.0588234716633216,1.0009407552939018,0.0,0.0,0.5,0.5,1.0298821134786116
2023-12-20,0.9138889025022958,0.9990601288948161,0.0,0.0,0.5,0.5,0.9564745156985559
2023-12-21,0.9969604891856519,1.0009407552939018,0.0,0.0,0.5,0.5,0.9989506222397768
2023-12-22,1.0,0.9962406052103062,0.0,0.0,0.5,0.5,0.998120302605153
2023-12-26,1.0274389984616914,1.002830163385997,0.0,0.0,0.5,0.5,1.0151345809238443
2023-12-27,1.0089021397113112,1.0,0.0,0.0,0.5,0.5,1.0044510698556555
2023-12-28,0.9882352355442262,0.9915333817856102,0.0,0.0,0.5,0.5,0.9898843086649183
2023-12-29,0.9791666858844347,1.0018975766447873,0.0,0.0,0.5,0.5,0.9905321312646109
2024-01-02,0.9544073377847798,1.0037878750249594,0.0,0.0,0.5,0.5,0.9790976064048695
2024-01-03,0.9171974580328266,1.0047169089869046,0.0,0.0,0.5,0.5,0.9609571835098656
2024-01-04,0.9930554796700155,1.0,0.0,0.0,0.5,0.5,0.9965277398350078
2024-01-05,0.9160839096713667,1.0009389886610358,0.0,0.0,0.5,0.5,0.9585114491662012
2024-01-08,0.9847328383205285,0.9981238738859635,0.0,0.0,0.5,0.5,0.991428356103246
2024-01-09,0.9573643804850136,1.000469935552592,0.0,0.0,0.5,0.5,0.9789171580188027
2024-01-10,1.0242914745281604,0.9976514259155004,0.0,0.0,0.5,0.5,1.0109714502218303
2024-01-11,0.9249011623047217,1.001883282295593,0.0,0.0,0.5,0.5,0.9633922223001574
2024-01-12,1.004273500354724,1.0,0.0,0.0,0.5,0.5,1.0021367501773621
2024-01-16,0.9234043252581464,0.9981202577896322,0.0,0.0,0.5,0.5,0.9607622915238894
2024-01-17,0.9400921152671387,1.0,0.0,0.0,0.5,0.5,0.9700460576335693
2024-01-18,0.9411764671508278,1.0014124617216946,0.0,0.0,0.5,0.5,0.9712944644362612
2024-01-19,1.0364583614670366,0.9995298435041554,0.0,0.0,0.5,0.5,1.017994102485596
2024-01-22,1.0954774152311133,1.0018814208724407,0.0,0.0,0.5,0.5,1.0486794180517771
2024-01-23,1.073394423170873,1.0122065839528038,0.0,0.0,0.5,0.5,1.0428005035618384
2024-01-24,0.9700854975169315,1.0009276650398469,0.0,0.0,0.5,0.5,0.9855065812783892
2024-01-25,1.1101321595156848,0.9990731947250054,0.0,0.0,0.5,0.5,1.0546026771203452
2024-01-26,1.0912698495294924,0.9972170933474668,0.0,0.0,0.5,0.5,1.0442434714384796
2024-01-29,1.0836363705721768,1.04744188175645,0.0,0.0,0.5,0.5,1.0655391261643135
2024-01-30,0.9832214926187048,0.9964476055914788,0.0,0.0,0.5,0.5,0.9898345491050918
2024-01-31,0.9863481361973833,0.9910873102415524,0.0,0.0,0.5,0.5,0.9887177232194678
2024-02-01,1.0657438795519283,1.002697817741001,0.0,0.0,0.5,0.5,1.0342208486464646
2024-02-02,1.0227273290244592,0.953363271580282,0.0,0.0,0.5,0.5,0.9880453003023706
2024-02-05,0.9365079232924954,1.0009407552939018,0.0,0.0,0.5,0.5,0.9687243392931986
2024-02-06,0.9661016469712719,1.0018796525793259,0.0,0.0,0.5,0.5,0.9839906497752988
2024-02-07,0.9578947755878775,0.9971857660975038,0.0,0.0,0.5,0.5,0.9775402708426906
2024-02-08,0.9963369998559009,0.9981184894121966,0.0,0.0,0.5,0.5,0.9972277446340487
2024-02-09,0.9926470659131822,1.0,0.0,0.0,0.5,0.5,0.9963235329565912
2024-02-12,1.0592592016986706,1.0047125534734016,0.0,0.0,0.5,0.5,1.031985877586036
2024-02-13,0.9055944088006803,0.9971857660975038,0.0,0.0,0.5,0.5,0.951390087449092
2024-02-14,1.0810810984966097,1.0,0.0,0.0,0.5,0.5,1.0405405492483049
2024-02-15,1.0178571261313494,1.0028221761663423,0.0,0.0,0.5,0.5,1.0103396511488458
2024-02-16,0.9438597007838366,0.9971857660975038,0.0,0.0,0.5,0.5,0.9705227334406702
2024-02-20,0.9888475945161246,1.0,0.0,0.0,0.5,0.5,0.9944237972580623
2024-02-21,0.9849623312101831,1.0009407552939018,0.0,0.0,0.5,0.5,0.9929515432520424
2024-02-22,0.9656488862211892,0.9981202577896322,0.0,0.0,0.5,0.5,0.9818845720054107
2024-02-23,1.0276679581163575,1.001883282295593,0.0,0.0,0.5,0.5,1.0147756202059752
2024-02-26,1.0500000458497285,1.0,0.0,0.0,0.5,0.5,1.0250000229248641
2024-02-27,1.1428570929526787,1.0,0.0,0.0,0.5,0.5,1.0714285464763393
2024-02-28,1.0256410785445584,1.000939781474142,0.0,0.0,0.5,0.5,1.0132904300093504
2024-02-29,0.9687499557621784,0.9990611008858515,0.0,0.0,0.5,0.5,0.983905528324015
2024-03-01,1.112903275425304,0.9990601288948161,0.0,0.0,0.5,0.5,1.0559817021600602
2024-03-04,1.1304347946272755,1.0018814208724407,0.0,0.0,0.5,0.5,1.066158107749858
2024-03-05,1.1487179255187714,1.0028169659831074,0.0,0.0,0.5,0.5,1.0757674457509394
2024-03-06,0.941964234871676,1.0046815763700228,0.0,0.0,0.5,0.5,0.9733229056208494
2024-03-07,1.0568720994994227,1.0009319878199876,0.0,0.0,0.5,0.5,1.0289020436597052
2024-03-08,1.2309416421886696,1.001862240054926,0.0,0.0,0.5,0.5,1.1164019411217978
2024-03-11,0.9981785514641941,1.003717468494625,0.0,0.0,0.5,0.5,1.0009480099794095
2024-03-12,1.1441605764787195,0.9990740528976643,0.0,0.0,0.5,0.5,1.0716173146881918
2024-03-13,1.129186594137732,1.0,0.0,0.0,0.5,0.5,1.0645932970688659
2024-03-14,1.02259884874806,1.0009268052749944,0.0,0.0,0.5,0.5,1.0117628270115273
2024-03-15,1.084254164751195,0.9944444056891617,0.0,0.0,0.5,0.5,1.0393492852201782
2024-03-18,1.2866242680473603,1.013966534022465,0.0,0.0,0.5,0.5,1.1502954010349127
2024-03-19,0.6514851163548718,0.9963269090365499,0.0,0.0,0.5,0.5,0.8239060126957108
2024-03-20,0.7416413633774565,0.9981566399022593,0.0,0.0,0.5,0.5,0.8698990016398579
2024-03-21,0.9364754230512848,0.9916897365446063,0.0,0.0,0.5,0.5,0.9640825797979455
2024-03-22,0.9299780832294708,1.0055866313682846,0.0,0.0,0.5,0.5,0.9677823572988777
2024-03-25,0.9576470992144417,1.0046296472085026,0.0,0.0,0.5,0.5,0.9811383732114721
2024-03-26,1.0221129415122345,1.01843316149617,0.0,0.0,0.5,0.5,1.0202730515042022
2024-03-27,1.3822115891607574,1.0090497218162273,0.0,0.0,0.5,0.5,1.1956306554884923
2024-03-28,0.923478250918181,1.0242152885202755,0.0,0.0,0.5,0.5,0.9738467697192283
2024-04-01,0.9868172933303772,1.0665499320319158,0.0,0.0,0.5,0.5,1.0266836126811465
2024-04-02,1.0916030610762906,1.034482764020578,0.0,0.0,0.5,0.5,1.0630429125484344
2024-04-03,1.1258741771745213,1.021428531421827,0.0,0.0,0.5,0.5,1.0736513542981743
2024-04-04,0.9565217069378102,1.0023309816035704,0.0,0.0,0.5,0.5,0.9794263442706903
2024-04-05,0.9902597493075024,1.015503935570057,0.0,0.0,0.5,0.5,1.0028818424387798
2024-04-08,0.9737705164076151,1.2251907457776616,0.0,0.0,0.5,0.5,1.0994806310926384
2024-04-09,0.9444444578237137,0.8822430230847426,0.0,0.0,0.5,0.5,0.9133437404542282
2024-04-10,0.9661318979146917,0.9300847611732781,0.0,0.0,0.5,0.5,0.9481083295439849
2024-04-11,0.9815498333533336,1.0182232171395478,0.0,0.0,0.5,0.5,0.9998865252464406
2024-04-12,0.9906014682102446,0.9515287378130947,0.0,0.0,0.5,0.5,0.9710651030116697
2024-04-15,0.9203035905476217,0.9796238068794596,0.0,0.0,0.5,0.5,0.9499636987135407
2024-04-16,1.0247422449316879,1.0176000213623047,0.0,0.0,0.5,0.5,1.0211711331469964
2024-04-17,0.9919517175972588,0.9984276370012731,0.0,0.0,0.5,0.5,0.9951896772992659
2024-04-18,0.991886417191518,0.9976378162660046,0.0,0.0,0.5,0.5,0.9947621167287612
2024-04-19,0.9918200484774706,0.9865824723543591,0.0,0.0,0.5,0.5,0.9892012604159148
2024-04-22,1.0164948299544585,1.0063999938964843,0.0,0.0,0.5,0.5,1.0114474119254715
2024-04-23,1.111561908698932,1.0333863337711542,0.0,0.0,0.5,0.5,1.072474121235043
2024-04-24,1.0036496315432304,1.0307692014254057,0.0,0.0,0.5,0.5,1.017209416484318
2024-04-25,1.0709090666337446,0.9701492813494463,0.0,0.0,0.5,0.5,1.0205291739915956
2024-04-26,1.0288624923849752,0.985384647662823,0.0,0.0,0.5,0.5,1.0071235700238992
2024-04-29,1.003300326916726,1.1256830291911435,0.0,0.0,0.5,0.5,1.0644916780539346
2024-04-30,0.9539474117623807,0.9528432523177527,0.0,0.0,0.5,0.5,0.9533953320400668
2024-05-01,0.9879310052828623,1.0145560271176672,0.0,0.0,0.5,0.5,1.0012435162002649
2024-05-02,1.0523560540551922,0.9189383647932986,0.0,0.0,0.5,0.5,0.9856472094242454
2024-05-03,1.021558811456143,1.1576892613520928,0.0,0.0,0.5,0.5,1.0896240364041179
2024-05-06,0.9464285824869474,1.0080916983261248,0.0,0.0,0.5,0.5,0.9772601404065361
2024-05-07,0.970840466806408,0.9591973468588806,0.0,0.0,0.5,0.5,0.9650189068326442
2024-05-08,1.0335689156082455,1.0578800498517615,0.0,0.0,0.5,0.5,1.0457244827300034
2024-05-09,1.0017094408623695,1.201713872811657,0.9730250741922778,0.3333333333333333,0.3333333333333333,0.3333333333333333,1.0588161292887681
2024-05-10,1.0716723663352647,0.4635216687574612,0.8930693185232439,0.3333333333333333,0.3333333333333333,0.3333333333333333,0.8094211178719899
2024-05-13,1.0159235511610947,1.1562130980229373,0.9157427726926898,0.3333333333333333,0.3333333333333333,0.3333333333333333,1.0292931406255739
2024-05-14,1.1520375819423714,1.1432957577210523,0.7893462227917072,0.3333333333333333,0.3333333333333333,0.3333333333333333,1.028226520818377
2024-05-15,0.9537415401139752,0.9194270714070684,1.2638036495741267,0.3333333333333333,0.3333333333333333,0.3333333333333333,1.0456574203650568
2024-05-16,0.8687589092360566,0.9386562720194754,0.9902912711252176,0.3333333333333333,0.3333333333333333,0.3333333333333333,0.9325688174602498
2024-05-17,1.0361247593890721,0.9346472933605968,0.96078435039117,0.3333333333333333,0.3333333333333333,0.3333333333333333,0.9771854677136129
2024-05-20,1.1489698994840865,0.8612652643456006,0.9770407778478977,0.3333333333333333,0.3333333333333333,0.3333333333333333,0.9957586472258616
2024-05-21,1.0206896683265423,0.9587628656929194,1.0078328908583218,0.3333333333333333,0.3333333333333333,0.3333333333333333,0.9957618082925945
2024-05-22,0.9905405174649662,0.962365563487246,1.018134759990619,0.3333333333333333,0.3333333333333333,0.3333333333333333,0.9903469469809436
2024-05-23,0.9099590921853089,1.0600559098239646,1.0127226339610578,0.3333333333333333,0.3333333333333333,0.3333333333333333,0.994245878656777
2024-05-24,1.1664168097178125,1.3372858253592423,1.105527656854564,0.3333333333333333,0.3333333333333333,0.3333333333333333,1.2030767639772062
2024-05-28,1.2185089057304608,1.063054223386801,1.247727193664915,0.3333333333333333,0.3333333333333333,0.3333333333333333,1.1764301075940589
2024-05-29,0.9356540415472059,1.0222427962897738,1.258652119397945,0.3333333333333333,0.3333333333333333,0.3333333333333333,1.0721829857449747
2024-05-30,0.9819616855156222,0.9320036248271087,1.2662807804948066,0.3333333333333333,0.3333333333333333,0.3333333333333333,1.0600820302791791
2024-05-31,1.0022961543055986,0.9795719801943733,0.8537142617361886,0.3333333333333333,0.3333333333333333,0.3333333333333333,0.9451941320787202
2024-06-03,0.8739977679868666,0.922542228737892,0.8567604116630414,0.3333333333333333,0.3333333333333333,0.3333333333333333,0.8844334694625999
2024-06-04,0.9148099494602616,0.9224972798724109,1.0468749545980252,0.3333333333333333,0.3333333333333333,0.3333333333333333,0.9613940613102325
2024-06-05,1.116045836757327,1.0606768350385964,1.1597015227047798,0.3333333333333333,0.3333333333333333,0.3333333333333333,1.112141398166901
2024-06-06,0.9845956500453515,0.9328932233100241,0.9845559992466341,0.3333333333333333,0.3333333333333333,0.3333333333333333,0.9673482908673365
2024-06-07,1.0534549991308757,0.9846699094594151,0.882352930176767,0.3333333333333333,0.3333333333333333,0.3333333333333333,0.9734926129223526
2024-06-10,1.074257473655337,1.083832308656964,1.094814795034903,0.3333333333333333,0.3333333333333333,0.3333333333333333,1.0843015257824011
2024-06-11,1.0322580326182973,1.0441988519447527,1.0135317870689116,0.3333333333333333,0.3333333333333333,0.3333333333333333,1.0299962238773204
2024-06-12,0.9430803318403435,1.079365080966951,0.9479305903333327,0.3333333333333333,0.3333333333333333,0.3333333333333333,0.990125334380209
2024-06-13,0.9964497356629171,1.0009804146145918,0.9957746854402607,0.3333333333333333,0.3333333333333333,0.3333333333333333,0.9977349452392563
2024-06-14,0.9726840268614488,0.9265426055633866,1.3253181977444322,0.3333333333333333,0.3333333333333333,0.3333333333333333,1.0748482767230891
2024-06-17,1.0378510910255982,0.9936574609540433,1.0042689394174567,0.3333333333333333,0.3333333333333333,0.3333333333333333,1.0119258304656993
2024-06-18,1.1223529366885914,1.052127738795493,1.2327311976163209,0.3333333333333333,0.3333333333333333,0.3333333333333333,1.1357372910334682
2024-06-20,0.9968553738898166,0.9443882536256739,1.3120689453891574,0.3333333333333333,0.3333333333333333,0.3333333333333333,1.0844375243015492
2024-06-21,1.0536277830291705,0.9657387912637716,1.0335084931839544,0.3333333333333333,0.3333333333333333,0.3333333333333333,1.0176250224922987
2024-06-24,1.0,1.0554323696923587,1.3267642369089554,0.3333333333333333,0.3333333333333333,0.3333333333333333,1.1273988688671046
2024-06-25,1.0948103558746907,0.9884453145943017,1.3943459133343588,0.3333333333333333,0.3333333333333333,0.3333333333333333,1.1592005279344504
2024-06-26,1.0501367527207754,0.9500531057757599,0.8254295581748208,0.3333333333333333,0.3333333333333333,0.3333333333333333,0.941873138890452
2024-06-27,1.0399304744960014,0.9574944990377383,0.6752705663713637,0.3333333333333333,0.3333333333333333,0.3333333333333333,0.8908985133017011
2024-06-28,0.9757929905731121,0.9894859639981278,1.4451295638933008,0.3333333333333333,0.3333333333333333,0.3333333333333333,1.1368028394881802
2024-07-01,0.9349872281875138,0.9445100056421037,1.198805449711542,0.3333333333333333,0.3333333333333333,0.3333333333333333,1.0261008945137198
2024-07-02,1.0,1.003749966621399,0.9227757990450088,0.3333333333333333,0.3333333333333333,0.3333333333333333,0.9755085885554693
2024-07-03,1.0603842478485177,1.0273972944389385,0.9120709348317899,0.3333333333333333,0.3333333333333333,0.3333333333333333,0.9999508257064154
2024-07-05,1.0543572136450963,0.927272738832416,1.2008456692015452,0.3333333333333333,0.3333333333333333,0.3333333333333333,1.0608252072263524
2024-07-08,1.1202945401990494,0.9699346384044144,1.049295761877997,0.3333333333333333,0.3333333333333333,0.3333333333333333,1.0465083134938202
2024-07-09,0.9327977245566964,1.0350403974893945,0.8892617677333183,0.3333333333333333,0.3333333333333333,0.3333333333333333,0.9523666299264697
2024-07-10,1.0595144281882518,1.0130208832949101,0.9547169523419075,0.3333333333333333,0.3333333333333333,0.3333333333333333,1.0090840879416896
2024-07-11,0.9652624299607965,0.9652956332075517,1.0371541724270357,0.3333333333333333,0.3333333333333333,0.3333333333333333,0.9892374118651278
2024-07-12,1.174578840713246,1.146471290848308,0.9527439107494579,0.3333333333333333,0.3333333333333333,0.3333333333333333,1.0912646807703372
2024-07-15,1.0306388697753381,1.012775913442256,0.9604000091552735,0.3333333333333333,0.3333333333333333,0.3333333333333333,1.0012715974576225
2024-07-16,0.9841872236960977,1.0103211180999834,0.9396084652596032,0.3333333333333333,0.3333333333333333,0.3333333333333333,0.978038935685228
2024-07-17,0.8952442114085064,1.007945481440427,1.005319186262152,0.3333333333333333,0.3333333333333333,0.3333333333333333,0.969502959703695
2024-07-18,0.9231873205271238,0.9538288466071801,0.8421516809729025,0.3333333333333333,0.3333333333333333,0.3333333333333333,0.906389282702402
2024-07-19,0.8786936619292683,1.016528853038342,1.0104711440626386,0.3333333333333333,0.3333333333333333,0.3333333333333333,0.9685645530100828
2024-07-22,0.9787610825604282,1.0464576757438522,0.8274611864420515,0.3333333333333333,0.3333333333333333,0.3333333333333333,0.9508933149154439
2024-07-23,1.0406871421511874,1.0255271405542319,0.9699436137830479,0.3333333333333333,0.3333333333333333,0.3333333333333333,1.0120526321628223
2024-07-24,0.9383145070349015,0.9383117198113046,0.9276952936017873,0.3333333333333333,0.3333333333333333,0.3333333333333333,0.9347738401493311
2024-07-25,0.9648148048398264,0.9700115078899775,0.954766901620961,0.3333333333333333,0.3333333333333333,0.3333333333333333,0.9631977381169216
2024-07-26,1.0412668236110723,1.0939357878937563,1.1712827537943133,0.3333333333333333,0.3333333333333333,0.3333333333333333,1.1021617884330472
2024-07-29,0.8755760060824204,0.9554347982704079,0.8568762115284094,0.3333333333333333,0.3333333333333333,0.3333333333333333,0.8959623386270792
2024-07-30,1.0042105223003186,1.0079635603103532,0.9259258951448629,0.3333333333333333,0.3333333333333333,0.3333333333333333,0.9793666592518449
2024-07-31,1.0712788582699009,1.0270881189720595,0.9262745427150353,0.3333333333333333,0.3333333333333333,0.3333333333333333,1.008213839985665
2024-08-01,0.8913893756018203,0.9208790948520243,0.8348856313586193,0.3333333333333333,0.3333333333333333,0.3333333333333333,0.8823847006041545
2024-08-02,0.9429199205613342,0.9773269055533548,0.975659251574554,0.3333333333333333,0.3333333333333333,0.3333333333333333,0.9653020258964142
2024-08-05,1.019790462546468,0.932844964337353,0.8191268407674164,0.3333333333333333,0.3333333333333333,0.3333333333333333,0.9239207558837458
2024-08-06,0.9280821805958636,1.031413645569306,1.1560913101996313,0.3333333333333333,0.3333333333333333,0.3333333333333333,1.0385290454549336
2024-08-07,1.0676506990151113,0.9467004987063069,0.8594950843897118,0.3333333333333333,0.3333333333333333,0.3333333333333333,0.95794876070371
2024-08-08,0.9896313191908271,0.9758713368072135,1.0357598640740042,0.3333333333333333,0.3333333333333333,0.3333333333333333,1.0004208400240149
2024-08-09,1.0791618501858722,1.0288460927551735,1.0900123954147902,0.3333333333333333,0.3333333333333333,0.3333333333333333,1.0660067794519452
2024-08-12,0.995684906844439,0.941255060904012,0.9117647376122671,0.3333333333333333,0.3333333333333333,0.3333333333333333,0.9495682351202392
2024-08-13,1.0812567754275624,1.052482251850906,0.8250620036175729,0.3333333333333333,0.3333333333333333,0.3333333333333333,0.9862670102986804
2024-08-14,0.9448898534781593,1.0256064764510566,1.1954886759781131,0.3333333333333333,0.3333333333333333,0.3333333333333333,1.055328335302443
2024-08-15,0.994697753009889,0.9816031089531533,1.0553459804545944,0.3333333333333333,0.3333333333333333,0.3333333333333333,1.0105489474725455
2024-08-16,0.9680170376252981,1.0053548112200361,1.036948683344107,0.3333333333333333,0.3333333333333333,0.3333333333333333,1.0034401773964805
2024-08-19,1.0374449510401667,0.9680425778108057,1.2724137859215963,0.3333333333333333,0.3333333333333333,0.3333333333333333,1.092633771590856
2024-08-20,0.9469214441666213,0.9518569593465166,0.985546535517348,0.3333333333333333,0.3333333333333333,0.3333333333333333,0.9614416463434953
2024-08-21,0.985425996263564,1.0245664847427272,1.0265811151153972,0.3333333333333333,0.3333333333333333,0.3333333333333333,1.0121911987072294
2024-08-22,0.913538085076212,0.9548659852222182,0.9321428355513783,0.3333333333333333,0.3333333333333333,0.3333333333333333,0.9335156352832695
2024-08-23,1.0797011662023988,1.0413589675919068,0.977011515252441,0.3333333333333333,0.3333333333333333,0.3333333333333333,1.0326905496822487
2024-08-26,0.9457900504160418,0.9858155491114529,1.1009803678658499,0.3333333333333333,0.3333333333333333,0.3333333333333333,1.0108619891311148
2024-08-27,1.0597560710385037,0.9942446096473696,0.9545859932327335,0.3333333333333333,0.3333333333333333,0.3333333333333333,1.0028622246395356
2024-08-28,0.9252014211833134,0.9247467449480102,0.9421641912205919,0.3333333333333333,0.3333333333333333,0.3333333333333333,0.9307041191173051
2024-08-29,1.0124378584507703,1.0078247561470393,1.063366273809517,0.3333333333333333,0.3333333333333333,0.3333333333333333,1.0278762961357755
2024-08-30,1.0110564121766163,0.9270185927247238,0.9422718902446929,0.3333333333333333,0.3333333333333333,0.3333333333333333,0.9601156317153443
2024-09-03,0.9222357928012069,0.9363484671761503,0.8478260890051433,0.3333333333333333,0.3333333333333333,0.3333333333333333,0.9021367829941669
2024-09-04,1.0606060644135997,1.0411449038989753,0.9778555265649429,0.3333333333333333,0.3333333333333333,0.3333333333333333,1.026535498292506
2024-09-05,0.9229813232663238,1.0,0.8700834197872976,0.3333333333333333,0.3333333333333333,0.3333333333333333,0.9310215810178738
2024-09-06,0.9394347483631424,0.9604810975447393,0.9589040845347343,0.3333333333333333,0.3333333333333333,0.3333333333333333,0.9529399768142053
2024-09-09,1.0845272422601233,1.0107334420647134,1.057142870766776,0.3333333333333333,0.3333333333333333,0.3333333333333333,1.0508011850305374
2024-09-10,1.089828244771279,1.0778761150077192,1.1878378173745927,0.3333333333333333,0.3333333333333333,0.3333333333333333,1.118514059051197
2024-09-11,1.0593939116506865,1.001641995368494,1.234357272873347,0.3333333333333333,0.3333333333333333,0.3333333333333333,1.0984643932975091
2024-09-12,0.9874142265952058,1.0213114945038264,1.0783409583327839,0.3333333333333333,0.3333333333333333,0.3333333333333333,1.029022226477272
2024-09-13,1.1216686184022011,1.012841079207244,1.3017093838049307,0.3333333333333333,0.3333333333333333,0.3333333333333333,1.1454063604714584
2024-09-16,1.0,0.9841521544311586,0.9290873305208602,0.3333333333333333,0.3333333333333333,0.3333333333333333,0.9710798283173395
2024-09-17,0.9390495729351966,1.0144927781054807,0.8756184224271855,0.3333333333333333,0.3333333333333333,0.3333333333333333,0.9430535911559541
2024-09-18,1.008800871547101,0.9873015241077506,0.884584320778777,0.3333333333333333,0.3333333333333333,0.3333333333333333,0.9602289054778761
2024-09-19,1.0479825056404064,1.062701021941793,0.9662408864715991,0.3333333333333333,0.3333333333333333,0.3333333333333333,1.025641471351266
2024-09-20,1.113423537099768,1.2723146259515552,1.2294617818850513,0.3333333333333333,0.3333333333333333,0.3333333333333333,1.2050666483121248
2024-09-23,1.017757059574253,0.9881094614019308,1.0883256204376355,0.3333333333333333,0.3333333333333333,0.3333333333333333,1.031397380471273
2024-09-24,1.097336954318126,1.0,0.9724770401395259,0.3333333333333333,0.3333333333333333,0.3333333333333333,1.023271331485884
2024-09-25,1.0066945543918777,0.9903729394295192,0.9172714505268982,0.3333333333333333,0.3333333333333333,0.3333333333333333,0.971446314782765
2024-09-26,0.9883624777426441,1.0425273877201968,1.1930379362427994,0.3333333333333333,0.3333333333333333,0.3333333333333333,1.0746426005685468
2024-09-27,1.0555088165142699,1.0303030572486918,0.9940318200899717,0.3333333333333333,0.3333333333333333,0.3333333333333333,1.0266145646176446
2024-09-30,0.9227091432440838,0.9151583725051815,0.9613075428577682,0.3333333333333333,0.3333333333333333,0.3333333333333333,0.9330583528690112
2024-10-01,1.025906752393039,1.063040818203037,1.1478140937314278,0.3333333333333333,0.3333333333333333,0.3333333333333333,1.0789205547758347
2024-10-02,1.0429293117818994,1.104651113791749,1.0628778083804327,0.3333333333333333,0.3333333333333333,0.3333333333333333,1.0701527446513603
2024-10-03,0.9693300965366229,0.9905262997275904,0.9607508226932826,0.3333333333333333,0.3333333333333333,0.3333333333333333,0.9735357396524986
2024-10-04,1.0949208466213805,1.189160442277873,1.1480165832055744,0.3333333333333333,0.3333333333333333,0.3333333333333333,1.1440326240349425
2024-10-07,0.9779467703220025,0.941912453717178,0.961320266961927,0.3333333333333333,0.3333333333333333,0.3333333333333333,0.9603931636670358
2024-10-08,1.0031104170233984,0.9487666068493903,0.8948498310809428,0.3333333333333333,0.3333333333333333,0.3333333333333333,0.9489089516512439
2024-10-09,0.9170542847701164,0.9600000381469727,0.9964029097814965,0.3333333333333333,0.3333333333333333,0.3333333333333333,0.9578190775661952
2024-10-10,1.0143702516813449,1.0218750031044084,1.0643802431284097,0.3333333333333333,0.3333333333333333,0.3333333333333333,1.033541832638054
2024-10-11,1.0950000286102295,0.9327216337558308,1.0141322776965829,0.3333333333333333,0.3333333333333333,0.3333333333333333,1.0139513133542142
2024-10-14,1.0608827409557167,1.0972678011396149,0.9804905032859236,0.3333333333333333,0.3333333333333333,0.3333333333333333,1.0462136817937515
2024-10-15,0.9770444975282115,1.1603585321508405,0.8845935352267446,0.3333333333333333,0.3333333333333333,0.3333333333333333,1.0073321883019322
2024-10-16,1.4001468322362927,1.4197426143447356,1.378534716226431,0.3333333333333333,0.3333333333333333,0.3333333333333333,1.3994747209358196
2024-10-17,0.944939734983555,0.9510277310486358,0.8731934207945276,0.3333333333333333,0.3333333333333333,0.3333333333333333,0.9230536289422393
2024-10-18,1.010543763700468,1.1589319817389248,1.0880939486842756,0.3333333333333333,0.3333333333333333,0.3333333333333333,1.0858565647078895
2024-10-21,1.0411861635204316,1.2238069131188551,1.3424927250744012,0.3333333333333333,0.3333333333333333,0.3333333333333333,1.202495267237896
2024-10-22,0.9393460087520749,0.9336620538922181,0.8607455669482144,0.3333333333333333,0.3333333333333333,0.3333333333333333,0.9112512098641692
2024-10-23,0.9724873786742566,0.8785405330815108,0.8437367933313582,0.3333333333333333,0.3333333333333333,0.3333333333333333,0.8982549016957084
2024-10-24,1.0617782744617466,0.9868852578620809,0.9255157832372763,0.3333333333333333,0.3333333333333333,0.3333333333333333,0.9913931051870346
2024-10-25,1.001087572508291,1.0581395999700485,1.042958180627892,0.3333333333333333,0.3333333333333333,0.3333333333333333,1.0340617843687439
2024-10-28,1.1950027258198233,1.2820512411040303,1.1350365021573525,0.3333333333333333,0.3333333333333333,0.3333333333333333,1.204030156360402
2024-10-29,0.9822727550159801,1.0138775572484853,0.9600367101084218,0.3333333333333333,0.3333333333333333,0.3333333333333333,0.9853956741242957
2024-10-30,0.9625172905870715,0.9214975543091413,0.9732057666907382,0.3333333333333333,0.3333333333333333,0.3333333333333333,0.9524068705289837
2024-10-31,0.9201923121009354,0.9812144903171015,0.9616518839334293,0.3333333333333333,0.3333333333333333,0.3333333333333333,0.9543528954504886
2024-11-01,0.9932079851143094,0.9648264006954095,0.9846626152734359,0.3333333333333333,0.3333333333333333,0.3333333333333333,0.9808990003610516
2024-11-04,0.9715938501301582,0.9713889784471366,0.8722740933236164,0.3333333333333333,0.3333333333333333,0.3333333333333333,0.9384189739669704
2024-11-05,1.0189496694359195,0.9776722408366166,1.0648809644100081,0.3333333333333333,0.3333333333333333,0.3333333333333333,1.0205009582275149
2024-11-06,1.1376195640056348,1.055393556553675,1.0648406868075866,0.3333333333333333,0.3333333333333333,0.3333333333333333,1.0859512691222988
2024-11-07,1.0121438687872417,1.22283610983413,1.1391076972183547,0.3333333333333333,0.3333333333333333,0.3333333333333333,1.1246958919465755
2024-11-08,1.1301338110242638,0.9213102336365678,1.0516128521892758,0.3333333333333333,0.3333333333333333,0.3333333333333333,1.0343522989500358
2024-11-11,0.9591670065599865,0.9832447953037599,0.9465381538269171,0.3333333333333333,0.3333333333333333,0.3333333333333333,0.9629833185635543
2024-11-12,0.9893571731615177,0.9389027703248574,1.0749999492256739,0.3333333333333333,0.3333333333333333,0.3333333333333333,1.0010866309040163
2024-11-13,1.0748709031090686,1.0216910034443727,0.9944014140994468,0.3333333333333333,0.3333333333333333,0.3333333333333333,1.030321106884296
2024-11-14,0.9871897637834957,1.0346620121189363,0.9805110108286847,0.3333333333333333,0.3333333333333333,0.3333333333333333,1.000787595577039
2024-11-15,0.9330900393860534,0.7537688707113908,0.9584806249094346,0.3333333333333333,0.3333333333333333,0.3333333333333333,0.8817798450022929
2024-11-18,1.1851369051067953,1.1483333375718858,1.0456221076641132,0.3333333333333333,0.3333333333333333,0.3333333333333333,1.1263641167809313
2024-11-19,0.9908324167288811,1.0546685610351099,1.1132657397238337,0.3333333333333333,0.3333333333333333,0.3333333333333333,1.052922239162608
2024-11-20,0.9526276585877065,0.9610092429418037,0.9162707936676933,0.3333333333333333,0.3333333333333333,0.3333333333333333,0.9433025650657345
2024-11-21,1.0749805875033984,1.2042958770134362,1.2637718479797433,0.3333333333333333,0.3333333333333333,0.3333333333333333,1.1810161041655258
2024-11-22,1.0917961330384973,0.9988109877193356,1.1487178965511484,0.3333333333333333,0.3333333333333333,0.3333333333333333,1.0797750057696605
2024-11-25,0.9288315232145992,0.9091269505477496,0.7711309828590658,0.3333333333333333,0.3333333333333333,0.3333333333333333,0.8696964855404715
2024-11-26,0.9387028030616277,0.9620253628250006,1.0042454886530054,0.3333333333333333,0.3333333333333333,0.3333333333333333,0.9683245515132112
2024-11-27,1.0652998976230266,0.9959165086728974,1.0288239810455584,0.3333333333333333,0.3333333333333333,0.3333333333333333,1.0300134624471609
2024-11-29,1.0566642973218066,1.0724373620648096,1.0313784138298092,0.3333333333333333,0.3333333333333333,0.3333333333333333,1.0534933577388084
2024-12-02,0.9180438335096264,0.944349986306631,1.0141252944957277,0.3333333333333333,0.3333333333333333,0.3333333333333333,0.9588397047706616
2024-12-03,0.9136664756281551,0.9055330443223901,0.9507143156869071,0.3333333333333333,0.3333333333333333,0.3333333333333333,0.9233046118791508
2024-12-04,0.9991957998758038,1.010432240465791,0.9954920798102854,0.3333333333333333,0.3333333333333333,0.3333333333333333,1.0017067067172933
2024-12-05,0.9798792759627947,0.9872172946444764,0.9607546824329304,0.3333333333333333,0.3333333333333333,0.3333333333333333,0.9759504176800671
2024-12-06,1.0554414932369804,1.0911354547141006,1.0441869615260948,0.3333333333333333,0.3333333333333333,0.3333333333333333,1.0635879698257251
2024-12-09,0.9315175028547145,0.9169329206983455,0.949783745328305,0.3333333333333333,0.3333333333333333,0.3333333333333333,0.932744722960455
2024-12-10,0.9248119839492712,0.9168740635336021,0.9247524903552367,0.3333333333333333,0.3333333333333333,0.3333333333333333,0.9221461792793699
2024-12-11,1.0117434614295155,1.0461455145466396,1.032119913822151,0.3333333333333333,0.3333333333333333,0.3333333333333333,1.030002963266102
2024-12-12,0.9669642953696301,0.9532952985391512,0.9585062247231793,0.3333333333333333,0.3333333333333333,0.3333333333333333,0.9595886062106536
2024-12-13,0.9755309007211821,1.008709844316958,1.0796536849438279,0.3333333333333333,0.3333333333333333,0.3333333333333333,1.0212981433273227
2024-12-16,1.0279223935646615,0.9973016113029496,1.0553327638819454,0.3333333333333333,0.3333333333333333,0.3333333333333333,1.026852256249852
2024-12-17,0.9995395842910691,1.033549829793901,0.9783434763893136,0.3333333333333333,0.3333333333333333,0.3333333333333333,1.0038109634914278
2024-12-18,0.8802395861923065,0.962303601763189,0.9215533802810224,0.3333333333333333,0.3333333333333333,0.3333333333333333,0.921365522745506
2024-12-19,0.994767117829627,1.1403699696142122,1.0286557234847589,0.3333333333333333,0.3333333333333333,0.3333333333333333,1.0545976036428661
2024-12-20,1.0399789700016504,1.0267176239385367,1.0319541454945238,0.3333333333333333,0.3333333333333333,0.3333333333333333,1.0328835798115703
2024-12-23,0.9979766861607919,1.0232342002492671,1.0813814685826977,0.3333333333333333,0.3333333333333333,0.3333333333333333,1.0341974516642523
2024-12-24,1.0648758599261692,1.0722070898970986,1.0491923701852839,0.3333333333333333,0.3333333333333333,0.3333333333333333,1.0620917733361839
2024-12-26,1.038553044127477,1.0182126342253144,0.9961511332874315,0.3333333333333333,0.3333333333333333,0.3333333333333333,1.0176389372134076
2024-12-27,0.8941338451764359,0.9475873468845001,0.9455567518635841,0.3333333333333333,0.3333333333333333,0.3333333333333333,0.9290926479748399
2024-12-30,0.9333674459683138,1.0381913479218985,0.922362550272488,0.3333333333333333,0.3333333333333333,0.3333333333333333,0.9646404480542334
2024-12-31,0.9846238993204769,0.8976744137282004,1.002617822563727,0.3333333333333333,0.3333333333333333,0.3333333333333333,0.9616387118708014
2025-01-02,0.9877299934769316,1.0292039968253381,0.9612371908076447,0.3333333333333333,0.3333333333333333,0.3333333333333333,0.9927237270366381
2025-01-03,1.1773010423106167,1.2471395663274147,1.12870872897732,0.3333333333333333,0.3333333333333333,0.3333333333333333,1.1843831125384505
2025-01-06,1.1347721541741431,1.1009174311926606,1.2054794926834007,0.3333333333333333,0.3333333333333333,0.3333333333333333,1.147056359350068
2025-01-07,0.9180050487502514,0.9833333333333333,0.9287468825454058,0.3333333333333333,0.3333333333333333,0.3333333333333333,0.9433617548763301
2025-01-08,0.9060773907610383,0.8854237572621491,0.887566149329883,0.3333333333333333,0.3333333333333333,0.3333333333333333,0.8930224324510233
2025-01-10,1.022865795153086,0.966309301690625,0.9560357563909325,0.3333333333333333,0.3333333333333333,0.3333333333333333,0.9817369510782145
2025-01-13,0.9339294595551585,0.9064975977911028,0.794621960674128,0.3333333333333333,0.3333333333333333,0.3333333333333333,0.8783496726734631
2025-01-14,1.0228723575864895,0.9969405726664426,1.0485532025871842,0.3333333333333333,0.3333333333333333,0.3333333333333333,1.0227887109467053
2025-01-15,1.0826833172354295,1.0596230005345761,1.0687559063800458,0.3333333333333333,0.3333333333333333,0.3333333333333333,1.0703540747166838
2025-01-16,0.9740634478341057,1.0024823941147287,1.0245076348618583,0.3333333333333333,0.3333333333333333,0.3333333333333333,1.0003511589368976
2025-01-17,1.0833332627952945,1.0751134844906498,1.055531791778472,0.3333333333333333,0.3333333333333333,0.3333333333333333,1.0713261796881386
2025-01-21,1.1656805375858383,1.1996161579744529,1.3023068189993234,0.3333333333333333,0.3333333333333333,0.3333333333333333,1.2225345048532048
2025-01-22,0.9984380744016392,1.09343994140625,1.1326911254589669,0.3333333333333333,0.3333333333333333,0.3333333333333333,1.0748563804222853
2025-01-23,1.1372702491503086,1.134913692051095,1.1725651792557081,0.3333333333333333,0.3333333333333333,0.3333333333333333,1.1482497068190372
2025-01-24,0.9618294149496648,1.0783909492320634,1.0414131158997628,0.3333333333333333,0.3333333333333333,0.3333333333333333,1.0272111600271636
2025-01-27,0.7247050752727621,0.7439024590476465,0.7472477999497602,0.3333333333333333,0.3333333333333333,0.3333333333333333,0.7386184447567229
2025-01-28,1.0335471282594537,1.0967533996296888,1.046001282958682,0.3333333333333333,0.3333333333333333,0.3333333333333333,1.058767270282608
2025-01-29,1.0501192934998835,1.0345838318322187,1.0503018095414578,0.3333333333333333,0.3333333333333333,0.3333333333333333,1.0450016449578532
2025-01-30,1.0718181783502752,1.1872521459833885,1.094964349180717,0.3333333333333333,0.3333333333333333,0.3333333333333333,1.118011557838127
2025-01-31,1.0110263032113265,0.9928418220435983,0.9652586991262045,0.3333333333333333,0.3333333333333333,0.3333333333333333,0.9897089414603764
2025-02-03,1.0004194726853117,1.103821187970603,0.9865354616223369,0.3333333333333333,0.3333333333333333,0.3333333333333333,1.0302587074260838
2025-02-04,0.9635219779740823,1.0209013515805372,0.9729659102218472,0.3333333333333333,0.3333333333333333,0.3333333333333333,0.9857964132588222
2025-02-05,1.068320266583932,1.0769887109691136,0.9538710790787676,0.3333333333333333,0.3333333333333333,0.3333333333333333,1.033060018877271
2025-02-06,0.9470468726085305,0.9457425410204595,0.9490950450794505,0.3333333333333333,0.3333333333333333,0.3333333333333333,0.9472948195694801
2025-02-07,1.1113978560252855,1.1618509972486415,1.0514004291875252,0.3333333333333333,0.3333333333333333,0.3333333333333333,1.1082164274871507
2025-02-10,1.0626934567460722,0.9682825358984726,0.9950404070336596,0.3333333333333333,0.3333333333333333,0.3333333333333333,1.008672133226068
2025-02-11,0.9417334840689846,0.9320677881578534,0.917117636091577,0.3333333333333333,0.3333333333333333,0.3333333333333333,0.930306302772805
2025-02-12,1.0208816316873,1.0858626014345334,1.0751552208573425,0.3333333333333333,0.3333333333333333,0.3333333333333333,1.0606331513263918
2025-02-13,0.935984827330399,1.0119528815449537,0.9742923334168924,0.3333333333333333,0.3333333333333333,0.3333333333333333,0.9740766807640816
2025-02-14,0.9340348352424317,0.956205707779903,0.9632375368930314,0.3333333333333333,0.3333333333333333,0.3333333333333333,0.9511593599717887
2025-02-18,0.9549393842453828,0.9538198336278693,0.9695290357857096,0.3333333333333333,0.3333333333333333,0.3333333333333333,0.9594294178863205
2025-02-19,0.9587113558548158,0.8989838646433798,0.9993650648328993,0.3333333333333333,0.3333333333333333,0.3333333333333333,0.9523534284436983
2025-02-20,0.9834359447220917,0.9454787424045292,0.9729987168414888,0.3333333333333333,0.3333333333333333,0.3333333333333333,0.9673044679893699
2025-02-21,0.9162656538199061,0.9092827251353229,0.9448253779623451,0.3333333333333333,0.3333333333333333,0.3333333333333333,0.9234579189725246
2025-02-24,0.9695377204219728,0.8785769792908853,0.9212162873334324,0.3333333333333333,0.3333333333333333,0.3333333333333333,0.9231103290154301
2025-02-25,0.9539545765830478,0.9410210672465723,0.9564891277550135,0.3333333333333333,0.3333333333333333,0.3333333333333333,0.9504882571948778
2025-02-26,1.019307219807138,1.0972871519044105,1.1623529172411151,0.3333333333333333,0.3333333333333333,0.3333333333333333,1.0929824296508879
2025-02-27,0.9309191294839958,0.9204319594677288,0.9294871728871287,0.3333333333333333,0.3333333333333333,0.3333333333333333,0.9269460872796177
2025-02-28,1.0287254025065142,1.0308737270405628,1.0450091365809815,0.3333333333333333,0.3333333333333333,0.3333333333333333,1.0348694220426862
2025-03-03,0.8987783204924799,0.8799041538729403,0.9447724869042865,0.3333333333333333,0.3333333333333333,0.3333333333333333,0.9078183204232355
2025-03-04,1.115210340125943,1.0524166425975883,1.05220588369353,0.3333333333333333,0.3333333333333333,0.3333333333333333,1.0732776221390203
2025-03-05,1.0052234564700522,0.9796248654847315,1.0052410766642832,0.3333333333333333,0.3333333333333333,0.3333333333333333,0.9966964662063555
2025-03-06,0.9209006980543722,0.8573786242456559,0.937434789163396,0.3333333333333333,0.3333333333333333,0.3333333333333333,0.9052380371544746
2025-03-07,0.9799373229685975,1.0115518348995454,1.0003707908467347,0.3333333333333333,0.3333333333333333,0.3333333333333333,0.9972866495716258
2025-03-10,0.9385796525196435,0.9017891176723,0.9351371375206871,0.3333333333333333,0.3333333333333333,0.3333333333333333,0.9251686359042102
2025-03-11,1.1049760736311978,1.0751371354651462,1.0911613629068386,0.3333333333333333,0.3333333333333333,0.3333333333333333,1.0904248573343942
2025-03-12,0.9858112550754774,1.0282685999259376,1.009081002316185,0.3333333333333333,0.3333333333333333,0.3333333333333333,1.0077202857725331
2025-03-13,0.9518147981134675,0.9144711826864892,1.0194384087412316,0.3333333333333333,0.3333333333333333,0.3333333333333333,0.9619081298470626
2025-03-14,1.1512163172233016,1.1574112079465477,1.0685028444549092,0.3333333333333333,0.3333333333333333,0.3333333333333333,1.1257101232082527
2025-03-17,1.00513992869283,1.010101035121982,1.0115664368414534,0.3333333333333333,0.3333333333333333,0.3333333333333333,1.008935800218755
2025-03-18,0.9420454297922864,0.9292857306344169,0.9839921672215695,0.3333333333333333,0.3333333333333333,0.3333333333333333,0.9517744425494242
2025-03-19,1.117611626773975,1.078016861782613,1.0378485842591183,0.3333333333333333,0.3333333333333333,0.3333333333333333,1.0778256909385686
2025-03-20,0.9821910463314831,0.9900178685592643,0.9891234756846304,0.3333333333333333,0.3333333333333333,0.3333333333333333,0.9871107968584594
2025-03-21,0.9961537582836043,0.9780338278611362,0.9763907005033933,0.3333333333333333,0.3333333333333333,0.3333333333333333,0.9835260955493779
2025-03-24,1.041367900425666,1.1380706929700999,1.0907585201274557,0.3333333333333333,0.3333333333333333,0.3333333333333333,1.0900657045077404
2025-03-25,0.9909957582706247,0.9359430749915678,0.9605222856859539,0.3333333333333333,0.3333333333333333,0.3333333333333333,0.9624870396493821
2025-03-26,0.9150187962029999,0.9115105620830436,0.9272842460295277,0.3333333333333333,0.3333333333333333,0.3333333333333333,0.9179378681051904
2025-03-27,0.9404205369297549,0.9032991633198859,0.9631776363274676,0.3333333333333333,0.3333333333333333,0.3333333333333333,0.9356324455257028
2025-03-28,0.9298136591511209,0.939966401196617,0.9476106356730504,0.3333333333333333,0.3333333333333333,0.3333333333333333,0.9391302320069295
2025-03-31,0.9458917565017876,0.9660562639750134,0.988419821890548,0.3333333333333333,0.3333333333333333,0.3333333333333333,0.9667892807891163
2025-04-01,1.0338983404719717,1.041608948719303,0.9811035518782988,0.3333333333333333,0.3333333333333333,0.3333333333333333,1.0188702803565244
2025-04-02,1.0321037774817305,1.0075454980520577,0.9437596634837356,0.3333333333333333,0.3333333333333333,0.3333333333333333,0.9944696463391746
2025-04-03,0.9358041472273734,0.9643171213186282,0.9579591556471221,0.3333333333333333,0.3333333333333333,0.3333333333333333,0.9526934747310412
2025-04-04,0.8910891142530805,0.9045226034324957,0.9139327392623461,0.3333333333333333,0.3333333333333333,0.3333333333333333,0.9031814856493073
2025-04-07,1.119047615443408,1.1075758156661146,1.0755244230426202,0.3333333333333333,0.3333333333333333,0.3333333333333333,1.1007159513840477
2025-04-08,0.9865247851831751,0.9224805864440307,0.9804941975923919,0.3333333333333333,0.3333333333333333,0.3333333333333333,0.9631665230731993
2025-04-09,1.1545650353785066,1.1903114418481162,1.093722318887262,0.3333333333333333,0.3333333333333333,0.3333333333333333,1.1461995987046283
2025-04-10,0.9246575887478303,0.9435215691586161,0.9195634684911631,0.3333333333333333,0.3333333333333333,0.3333333333333333,0.9292475421325365
2025-04-11,1.0202019683066739,0.9903169313378817,1.022857162978623,0.3333333333333333,0.3333333333333333,0.3333333333333333,1.011125354207726
2025-04-14,1.0066006854117286,1.002222188313802,1.007305546753319,0.3333333333333333,0.3333333333333333,0.3333333333333333,1.0053761401596164
2025-04-15,1.0085245976682569,1.0199556886103962,0.9449658325027335,0.3333333333333333,0.3333333333333333,0.3333333333333333,0.9911487062604621
2025-04-16,0.94278282783531,0.9373912811279297,0.9264108718357279,0.3333333333333333,0.3333333333333333,0.3333333333333333,0.9355283269329892
2025-04-17,1.0075861832191204,1.019480523501747,0.9678362654635126,0.3333333333333333,0.3333333333333333,0.3333333333333333,0.9983009907281266
2025-04-21,0.9336071638501942,0.9276615020153854,0.932527688247429,0.3333333333333333,0.3333333333333333,0.3333333333333333,0.9312654513710029
2025-04-22,1.1063049686780222,1.0559098249691867,1.0361771090568779,0.3333333333333333,0.3333333333333333,0.3333333333333333,1.0661306342346957
2025-04-23,1.0231941301694014,1.0854621502046302,1.0693069247885443,0.3333333333333333,0.3333333333333333,0.3333333333333333,1.0593210683875252
2025-04-24,1.0725388546630568,1.0406503560751255,1.1232942847396312,0.3333333333333333,0.3333333333333333,0.3333333333333333,1.0788278318259379
2025-04-25,1.0060386705733528,0.9761513186272988,0.9943601229904778,0.3333333333333333,0.3333333333333333,0.3333333333333333,0.9921833707303764
2025-04-28,1.0180071572513938,1.0315922496727419,1.041012239569312,0.3333333333333333,0.3333333333333333,0.3333333333333333,1.0302038821644826
2025-04-29,0.9958726592804886,0.997958381481101,0.9752724167017867,0.3333333333333333,0.3333333333333333,0.3333333333333333,0.989701152487792
2025-04-30,0.981053895418117,0.9713583982142722,0.9776536120526726,0.3333333333333333,0.3333333333333333,0.3333333333333333,0.9766886352283538
2025-05-01,1.0325890721468158,1.1082560960236763,1.031208750965831,0.3333333333333333,0.3333333333333333,0.3333333333333333,1.0573513063787743
2025-05-02,1.020455783847801,0.9973394262164531,1.0311168575478813,0.3333333333333333,0.3333333333333333,0.3333333333333333,1.0163040225373785
2025-05-05,0.9799542673268322,0.9706554701036546,0.9656883048622723,0.3333333333333333,0.3333333333333333,0.3333333333333333,0.9720993474309197
2025-05-06,1.0327293656321428,1.12524541107408,1.0753424735828956,0.3333333333333333,0.3333333333333333,0.3333333333333333,1.0777724167630394
2025-05-07,0.9400113491021159,0.9462666079421571,0.9363057194261402,0.3333333333333333,0.3333333333333333,0.3333333333333333,0.9408612254901376
2025-05-08,1.0192654836282662,0.9937315608026084,0.9978741010443869,0.3333333333333333,0.3333333333333333,0.3333333333333333,1.0036237151584206
2025-05-09,1.0307147341045646,1.0423005327412131,1.025138481885348,0.3333333333333333,0.3333333333333333,0.3333333333333333,1.0327179162437086
2025-05-12,1.019484248580091,1.0270558997776231,1.0461346897335888,0.3333333333333333,0.3333333333333333,0.3333333333333333,1.030891612697101
2025-05-13,1.2164136186615238,1.110225246300851,1.085419134366838,0.3333333333333333,0.3333333333333333,0.3333333333333333,1.1373526664430709
2025-05-14,1.0600739917317668,1.1554792298479648,0.9692532883612356,0.3333333333333333,0.3333333333333333,0.3333333333333333,1.0616021699803224
2025-05-15,1.0462074734640336,1.0108079314785101,0.9845166218089185,0.3333333333333333,0.3333333333333333,0.3333333333333333,1.0138440089171539
2025-05-16,1.0070833365122478,1.0082865911402152,1.045262766359374,0.3333333333333333,0.3333333333333333,0.3333333333333333,1.0202108980039457
2025-05-19,1.0144807770113748,1.053287334477338,0.9849541340399226,0.3333333333333333,0.3333333333333333,0.3333333333333333,1.0175740818428785
2025-05-20,0.9575856078257922,0.9456330261188186,0.9653502123737465,0.3333333333333333,0.3333333333333333,0.3333333333333333,0.9561896154394524
2025-05-21,1.0166099363117758,0.9797711384693489,0.9918950565144974,0.3333333333333333,0.3333333333333333,0.3333333333333333,0.9960920437652073
2025-05-22,1.0607456558278607,1.0790545976323591,1.072762602193436,0.3333333333333333,0.3333333333333333,0.3333333333333333,1.070854285217885
2025-05-23,1.1943128015637245,1.2303624730608622,1.300689191414233,0.3333333333333333,0.3333333333333333,0.3333333333333333,1.2417881553462733
2025-05-27,1.1746031986312502,1.1029261858795,0.9729503289405099,0.3333333333333333,0.3333333333333333,0.3333333333333333,1.0834932378170867
2025-05-28,0.9957769841231485,1.0248608555594292,0.9154485839152505,0.3333333333333333,0.3333333333333333,0.3333333333333333,0.9786954745326093
2025-05-29,0.9324286270335751,0.9581824528765088,0.9749530015331046,0.3333333333333333,0.3333333333333333,0.3333333333333333,0.9551880271477294
2025-05-30,0.9699818136792178,0.9960325130689236,0.9675658237418726,0.3333333333333333,0.3333333333333333,0.3333333333333333,0.9778600501633379
2025-06-02,1.0012503597519504,0.9946888735297642,1.0265516484132828,0.3333333333333333,0.3333333333333333,0.3333333333333333,1.0074969605649993
2025-06-03,0.992507091073489,0.9490847017759948,0.9434206277810104,0.3333333333333333,0.3333333333333333,0.3333333333333333,0.9616708068768314
2025-06-04,0.9811261288395665,0.9863371448880566,1.0154214822098888,0.3333333333333333,0.3333333333333333,0.3333333333333333,0.9942949186458373
2025-06-05,0.9955113403462691,0.9606844510251231,0.9595005437199016,0.3333333333333333,0.3333333333333333,0.3333333333333333,0.9718987783637645
2025-06-06,1.1066023012760746,1.0663698277829192,1.0970805557247696,0.3333333333333333,0.3333333333333333,0.3333333333333333,1.0900175615945877
2025-06-09,1.0256112064168625,1.07894208259559,0.9987175083410574,0.3333333333333333,0.3333333333333333,0.3333333333333333,1.0344235991178365
2025-06-10,0.9804199089517106,0.9683008208770387,0.9800963422318649,0.3333333333333333,0.3333333333333333,0.3333333333333333,0.976272357353538
2025-06-11,1.2040520808318358,1.2948229462095748,1.121847338017968,0.3333333333333333,0.3333333333333333,0.3333333333333333,1.206907455019793
2025-06-12,0.9706731382030024,0.9478172058494343,0.9427737493584626,0.3333333333333333,0.3333333333333333,0.3333333333333333,0.953754697803633
2025-06-13,0.9613669803856736,0.9872828246459248,0.9445648539865298,0.3333333333333333,0.3333333333333333,0.3333333333333333,0.9644048863393759
2025-06-16,1.0945389493171966,1.028118082078551,1.1349180878185836,0.3333333333333333,0.3333333333333333,0.3333333333333333,1.0858583730714435
2025-06-17,0.9235114174719592,0.9590527637060418,0.9674996404608053,0.3333333333333333,0.3333333333333333,0.3333333333333333,0.950021273879602
2025-06-18,0.9979612174405541,0.9880516171016335,1.1337712546343899,0.3333333333333333,0.3333333333333333,0.3333333333333333,1.0399280297255258
2025-06-20,0.9499489506611379,0.934376013144406,0.9826178607797293,0.3333333333333333,0.3333333333333333,0.3333333333333333,0.955647608195091
2025-06-23,0.9811827755757244,0.9509922326971885,0.9538997277567934,0.3333333333333333,0.3333333333333333,0.3333333333333333,0.962024912009902
2025-06-24,1.184657580231967,1.1016149231010754,1.1098623161182481,0.3333333333333333,0.3333333333333333,0.3333333333333333,1.1320449398170969
2025-06-25,0.8940795177319455,0.9153352089085592,0.9030379283277294,0.3333333333333333,0.3333333333333333,0.3333333333333333,0.9041508849894113
2025-06-26,0.989136105261174,1.0050386680013417,0.9997196994099677,0.3333333333333333,0.3333333333333333,0.3333333333333333,0.9979648242241611
2025-06-27,0.9989539509996971,0.9894359862362168,0.9691531553890087,0.3333333333333333,0.3333333333333333,0.3333333333333333,0.9858476975416407
2025-06-30,1.0356021095075736,1.0132103398318262,0.9979745459478391,0.3333333333333333,0.3333333333333333,0.3333333333333333,1.0155956650957463
2025-07-01,0.9130434195654813,0.9240935904162598,0.9417221792283826,0.3333333333333333,0.3333333333333333,0.3333333333333333,0.9262863964033745
2025-07-02,0.9748062050298454,0.9920757666387409,1.0144704811369207,0.3333333333333333,0.3333333333333333,0.3333333333333333,0.9937841509351689
2025-07-03,1.0190287418649222,1.046561451478509,1.0200303439189733,0.3333333333333333,0.3333333333333333,0.3333333333333333,1.0285401790874682
2025-07-07,1.0228539484507684,1.041325341689499,1.0157690797284198,0.3333333333333333,0.3333333333333333,0.3333333333333333,1.0266494566228956
2025-07-08,0.955858340648301,0.956739395274317,0.9876977687037493,0.3333333333333333,0.3333333333333333,0.3333333333333333,0.966765168208789
2025-07-09,1.0108323042640657,1.0076606846768559,1.0269869458620717,0.3333333333333333,0.3333333333333333,0.3333333333333333,1.0151599782676644
2025-07-10,1.015792481324012,1.0281846921780529,1.0112618936650142,0.3333333333333333,0.3333333333333333,0.3333333333333333,1.0184130223890264
2025-07-11,1.0405330112692426,1.0113616061216775,0.9771559329924796,0.3333333333333333,0.3333333333333333,0.3333333333333333,1.0096835167944667
2025-07-14,1.1237993448857866,1.1128744259928347,1.0520163271712561,0.3333333333333333,0.3333333333333333,0.3333333333333333,1.0962300326832923
2025-07-15,1.0204178687597387,0.9766063277032166,0.9744444953070747,0.3333333333333333,0.3333333333333333,0.3333333333333333,0.9904895639233433
2025-07-16,1.0723592518258491,1.0561115987011127,1.0553021244426388,0.3333333333333333,0.3333333333333333,0.3333333333333333,1.0612576583232003
2025-07-17,1.0160555798658475,1.0434984511867518,1.0178281966302272,0.3333333333333333,0.3333333333333333,0.3333333333333333,1.0257940758942754
2025-07-18,1.073030066949034,1.0269466314921696,0.9984076068788467,0.3333333333333333,0.3333333333333333,0.3333333333333333,1.0327947684400167
2025-07-21,0.9042785796359997,0.9062046285802325,0.9064327337133361,0.3333333333333333,0.3333333333333333,0.3333333333333333,0.9056386473098561
2025-07-22,0.9779929570813805,0.9809630673706312,1.0043988719234913,0.3333333333333333,0.3333333333333333,0.3333333333333333,0.9877849654585009
2025-07-23,1.0767326722049595,1.0921396209066812,1.0779561509181113,0.3333333333333333,0.3333333333333333,0.3333333333333333,1.0822761480099172
2025-07-24,1.0664576887477988,1.1137822155934478,1.054983821632517,0.3333333333333333,0.3333333333333333,0.3333333333333333,1.078407908657921
2025-07-25,1.0125416305106416,1.0122000765087464,1.0744543685334393,0.3333333333333333,0.3333333333333333,0.3333333333333333,1.033065358517609
2025-07-28,0.9868396261936156,1.0,0.905137453984358,0.3333333333333333,0.3333333333333333,0.3333333333333333,0.9639923600593244
2025-07-29,0.9603843814224324,0.9405298296189466,0.9358500465507856,0.3333333333333333,0.3333333333333333,0.3333333333333333,0.9455880858640549
2025-07-30,1.0314477652122054,1.0650611882580172,1.0174893912141445,0.3333333333333333,0.3333333333333333,0.3333333333333333,1.0379994482281223
2025-07-31,0.9940605969703101,1.0126933640002118,0.9822567398097242,0.3333333333333333,0.3333333333333333,0.3333333333333333,0.9963369002600819
2025-08-01,0.8848835115576744,0.9334116892809143,0.9593565166721542,0.3333333333333333,0.3333333333333333,0.3333333333333333,0.9258839058369143
2025-08-04,0.976367336712842,1.0688208972633535,1.0467784664334154,0.3333333333333333,0.3333333333333333,0.3333333333333333,1.0306555668032036
2025-08-05,1.040341170053273,1.100510303725972,1.0666104218638965,0.3333333333333333,0.3333333333333333,0.3333333333333333,1.0691539652143804
2025-08-06,1.0177265503684145,0.988226924641648,1.0089591606258919,0.3333333333333333,0.3333333333333333,0.3333333333333333,1.004970878545318
2025-08-07,0.9727846725082835,0.9545126492333927,0.9636981103052216,0.3333333333333333,0.3333333333333333,0.3333333333333333,0.9636651440156325
2025-08-08,0.8807072113999683,0.9495713563364901,0.9609755452070553,0.3333333333333333,0.3333333333333333,0.3333333333333333,0.9304180376478379
2025-08-11,0.9720457810222148,0.9540626779276207,0.9906937951247178,0.3333333333333333,0.3333333333333333,0.3333333333333333,0.972267418024851
2025-08-12,0.9979084488613154,1.0919844218509425,1.0481069904732472,0.3333333333333333,0.3333333333333333,0.3333333333333333,1.0459999537285016
2025-08-13,0.9772072576992528,0.9866190514155263,0.9801738308450083,0.3333333333333333,0.3333333333333333,0.3333333333333333,0.9813333799865958
2025-08-14,0.9632708053644258,0.9514338078563254,0.9753394462209605,0.3333333333333333,0.3333333333333333,0.3333333333333333,0.9633480198139038
2025-08-15,0.9871973537276483,0.9647026069202728,1.0196022332884564,0.3333333333333333,0.3333333333333333,0.3333333333333333,0.9905007313121258
2025-08-18,0.9861854620354286,0.9708696908817459,0.8931457467347084,0.3333333333333333,0.3333333333333333,0.3333333333333333,0.9500669665506275
2025-08-19,0.9333905646984334,0.9481085039496687,0.9148338943613884,0.3333333333333333,0.3333333333333333,0.3333333333333333,0.9321109876698301
2025-08-20,1.0349157530282151,1.0177342297472887,0.9904518097404666,0.3333333333333333,0.3333333333333333,0.3333333333333333,1.01436726417199
2025-08-21,0.9911216564388227,1.0093135458828948,1.0025822262951436,0.3333333333333333,0.3333333333333333,0.3333333333333333,1.0010058095389538
2025-08-22,1.0462824472790981,1.0474772242312922,1.0755494090723638,0.3333333333333333,0.3333333333333333,0.3333333333333333,1.0564363601942512
2025-08-25,1.0245433957728713,1.0115090255697465,0.9891443117528486,0.3333333333333333,0.3333333333333333,0.3333333333333333,1.008398911031822
2025-08-26,1.0033425884898155,1.043826310018116,1.0435765754927737,0.3333333333333333,0.3333333333333333,0.3333333333333333,1.0302484913335683
2025-08-27,0.9761243587056591,0.9850625669920615,1.0173212968412468,0.3333333333333333,0.3333333333333333,0.3333333333333333,0.9928360741796557
2025-08-28,1.0375426535993395,1.0640710742750772,1.0489510684168113,0.3333333333333333,0.3333333333333333,0.3333333333333333,1.0501882654304093
2025-08-29,0.9498355800624761,0.9454358706727012,0.9431884323341259,0.3333333333333333,0.3333333333333333,0.3333333333333333,0.9461532943564344
2025-09-02,1.074747475859518,0.999320979736933,1.0021511890858865,0.3333333333333333,0.3333333333333333,0.3333333333333333,1.0254065482274457
2025-09-03,1.0853919534680707,0.9815193226167238,0.9812940632034847,0.3333333333333333,0.3333333333333333,0.3333333333333333,1.0160684464294263
2025-09-04,0.8913904109718324,0.963726946908268,0.9740625023841858,0.3333333333333333,0.3333333333333333,0.3333333333333333,0.9430599534214286
2025-09-05,0.9583680252339639,1.0025858397298881,1.0163618937322272,0.3333333333333333,0.3333333333333333,0.3333333333333333,0.9924385862320263
2025-09-08,0.983203068726861,1.0133256955577552,1.0063130951282897,0.3333333333333333,0.3333333333333333,0.3333333333333333,1.0009472864709685
2025-09-09,1.0409425436940134,1.0459558815596932,1.021643681060907,0.3333333333333333,0.3333333333333333,0.3333333333333333,1.0361807021048712
2025-09-10,0.970854590411725,0.9970258048253006,0.9653055212970674,0.3333333333333333,0.3333333333333333,0.3333333333333333,0.9777286388446975
2025-09-11,1.0253570066179603,1.0843389996027541,1.0483460090520191,0.3333333333333333,0.3333333333333333,0.3333333333333333,1.0526806717575776
2025-09-12,1.0329732756495016,1.0342628213323095,1.0030340501091055,0.3333333333333333,0.3333333333333333,0.3333333333333333,1.0234233823636387
2025-09-15,1.0756741879045966,1.1568129774425062,1.1297639722512516,0.3333333333333333,0.3333333333333333,0.3333333333333333,1.1207503791994515
2025-09-16,0.9531849111304356,1.001567741695239,0.9716198767898693,0.3333333333333333,0.3333333333333333,0.3333333333333333,0.975457509871848
2025-09-17,0.9696726434696342,0.9943650119460569,0.9867732287096485,0.3333333333333333,0.3333333333333333,0.3333333333333333,0.9836036280417798
2025-09-18,1.0550788210611404,1.1015846385997718,1.0670203188814085,0.3333333333333333,0.3333333333333333,0.3333333333333333,1.0745612595141067
2025-09-19,1.2269150516330096,1.288272784175864,1.211986455977434,0.3333333333333333,0.3333333333333333,0.3333333333333333,1.2423914305954358
2025-09-22,0.9621552182929292,1.037491736185763,0.9797019560887253,0.3333333333333333,0.3333333333333333,0.3333333333333333,0.9931163035224725
2025-09-23,0.9253333197699652,1.0167497561910932,1.0216001667469208,0.3333333333333333,0.3333333333333333,0.3333333333333333,0.987894414235993
2025-09-24,0.952689691412607,0.9195233353050849,0.9186624214201143,0.3333333333333333,0.3333333333333333,0.3333333333333333,0.9302918160459354
2025-09-25,0.9503403706343495,0.9082107106533617,0.972287452925491,0.3333333333333333,0.3333333333333333,0.3333333333333333,0.9436128447377339
2025-09-26,1.0079575392835392,0.9278099666549404,0.9490338035607894,0.3333333333333333,0.3333333333333333,0.3333333333333333,0.9616004364997562
2025-09-29,1.0042105223003186,1.054102989441575,0.9961821959179537,0.3333333333333333,0.3333333333333333,0.3333333333333333,1.0181652358866158
2025-09-30,0.943396230187391,0.9581151421050829,0.9851814505518154,0.3333333333333333,0.3333333333333333,0.3333333333333333,0.9622309409480964
2025-10-01,1.0169444613986545,1.0385201393671641,1.0142634651834195,0.3333333333333333,0.3333333333333333,0.3333333333333333,1.0232426886497459
2025-10-02,1.079213265851781,1.1110152912335276,1.0659677314265894,0.3333333333333333,0.3333333333333333,0.3333333333333333,1.0853987628372992
2025-10-03,1.01543914543826,0.9888198570862798,1.0671624644756876,0.3333333333333333,0.3333333333333333,0.3333333333333333,1.0238071556667425
2025-10-06,1.0453639018763234,1.0879396741093599,1.205439403120369,0.3333333333333333,0.3333333333333333,0.3333333333333333,1.112914326368684
2025-10-07,0.9349070187976172,0.9679561019079214,1.0559388390872808,0.3333333333333333,0.3333333333333333,0.3333333333333333,0.9862673199309397
2025-10-08,0.9742413071890846,1.0048464746416483,0.8306551302894569,0.3333333333333333,0.3333333333333333,0.3333333333333333,0.9365809707067299
2025-10-09,1.0630889999811262,1.0249313682854735,1.0078656233988854,0.3333333333333333,0.3333333333333333,0.3333333333333333,1.0319619972218284
2025-10-10,0.9662644936888883,1.0653731880119588,0.9666737392650789,0.3333333333333333,0.3333333333333333,0.3333333333333333,0.9994371403219753
2025-10-13,1.14729863741236,1.1620684306279847,1.1878681311729757,0.3333333333333333,0.3333333333333333,0.3333333333333333,1.16574506640444
2025-10-14,1.0171035195454088,1.0183030523557346,0.9988979140318289,0.3333333333333333,0.3333333333333333,0.3333333333333333,1.011434828644324
2025-10-15,1.1668486402466465,0.9851843238767805,0.9694740747552978,0.3333333333333333,0.3333333333333333,0.3333333333333333,1.0405023462929082
2025-10-16,0.8916338970155974,0.9450921059512836,0.9182473203054767,0.3333333333333333,0.3333333333333333,0.3333333333333333,0.9183244410907858
2025-10-17,0.9288413217237563,1.0077093869785705,0.9882255794955411,0.3333333333333333,0.3333333333333333,0.3333333333333333,0.9749254293992893
2025-10-20,0.9990960245078566,0.97343780920434,0.963001662790172,0.3333333333333333,0.3333333333333333,0.3333333333333333,0.9785118321674562
2025-10-21,0.867903183136708,0.8767054370695604,0.9136097336965369,0.3333333333333333,0.3333333333333333,0.3333333333333333,0.8860727846342683
2025-10-22,0.9048736561692068,0.8614457877470088,0.9230220559106463,0.3333333333333333,0.3333333333333333,0.3333333333333333,0.896447166608954
2025-10-23,1.081797236541986,1.0381284889854907,1.0936937798535666,0.3333333333333333,0.3333333333333333,0.3333333333333333,1.071206501793681
2025-10-24,1.0045260426711857,1.0910184954393105,1.0435396187583263,0.3333333333333333,0.3333333333333333,0.3333333333333333,1.0463613856229408
2025-10-27,1.025974014156541,1.0101432531647827,0.9819576176295106,0.3333333333333333,0.3333333333333333,0.3333333333333333,1.006024961650278
2025-10-28,1.0880909307171729,0.962526419479378,1.0137803964516483,0.3333333333333333,0.3333333333333333,0.3333333333333333,1.0214659155493997
2025-10-29,1.0249287574474675,1.0842152970399932,1.0835977003269197,0.3333333333333333,0.3333333333333333,0.3333333333333333,1.0642472516047934
2025-10-30,0.9786889458427839,0.9579556626950052,0.9828558754311174,0.3333333333333333,0.3333333333333333,0.3333333333333333,0.9731668279896354
2025-10-31,1.0620118090386927,0.966373133869192,1.0112742525615315,0.3333333333333333,0.3333333333333333,0.3333333333333333,1.0132197318231386
2025-11-03,0.909962175239562,0.9540558416267153,0.9516197056632927,0.3333333333333333,0.3333333333333333,0.3333333333333333,0.9385459075098566
2025-11-04,0.8726426517330105,0.8860030392299172,0.9190981496104986,0.3333333333333333,0.3333333333333333,0.3333333333333333,0.8925812801911419
2025-11-05,1.0639909826255158,1.0801924595099281,1.0454545287738988,0.3333333333333333,0.3333333333333333,0.3333333333333333,1.0632126569697808
2025-11-06,0.8562384388057049,0.8805575933681979,0.8840579532091897,0.3333333333333333,0.3333333333333333,0.3333333333333333,0.8736179951276974
2025-11-07,0.9346888788761897,1.055269335137039,1.0195160029675823,0.3333333333333333,0.3333333333333333,0.3333333333333333,1.0031580723269369
2025-11-10,0.9370468082463344,0.9899688871060254,0.9673303019569455,0.3333333333333333,0.3333333333333333,0.3333333333333333,0.9647819991031017
2025-11-11,0.9405557328203775,0.9345409286037927,0.9532981428363511,0.3333333333333333,0.3333333333333333,0.3333333333333333,0.9427982680868404
2025-11-12,0.970830190975245,1.06668582677834,1.0121782068558334,0.3333333333333333,0.3333333333333333,0.3333333333333333,1.0165647415364727
2025-11-13,0.8917565652911322,0.9142754435885291,0.9215204004420334,0.3333333333333333,0.3333333333333333,0.3333333333333333,0.9091841364405648
2025-11-14,0.969762467942742,0.9599567127187653,0.9721067531120062,0.3333333333333333,0.3333333333333333,0.3333333333333333,0.9672753112578377
2025-11-17,0.9380845768481358,0.9773496044748897,0.9456654801436031,0.3333333333333333,0.3333333333333333,0.3333333333333333,0.9536998871555429
2025-11-18,1.022792092201199,1.0133179177321496,1.0267914763063337,0.3333333333333333,0.3333333333333333,0.3333333333333333,1.0209671620798941
2025-11-19,0.9809655646548655,1.0644727676085413,1.0204338141918612,0.3333333333333333,0.3333333333333333,0.3333333333333333,1.021957382151756
2025-11-20,0.8849977049531038,0.8555317857070274,0.9035736522166494,0.3333333333333333,0.3333333333333333,0.3333333333333333,0.8813677142922601
2025-11-21,0.9946523862358384,1.0019317973743787,1.0156836342658662,0.3333333333333333,0.3333333333333333,0.3333333333333333,1.004089272625361
2025-11-24,1.072043017478799,1.0156516378753715,1.016784155241143,0.3333333333333333,0.3333333333333333,0.3333333333333333,1.0348262701984376
2025-11-25,0.9393179057465619,0.9577888745966133,0.9990095514777575,0.3333333333333333,0.3333333333333333,0.3333333333333333,0.9653721106069775
2025-11-26,1.016551061445141,1.0343943650821537,1.019167214782519,0.3333333333333333,0.3333333333333333,0.3333333333333333,1.0233708804366044
2025-11-28,1.0504201175583856,1.0299819206054532,1.0603113035391956,0.3333333333333333,0.3333333333333333,0.3333333333333333,1.0469044472343447
2025-12-01,0.9039999961853027,0.9560079145995374,0.9642201819878865,0.3333333333333333,0.3333333333333333,0.3333333333333333,0.9414093642575756
2025-12-02,1.0459070756199385,1.0512820020173879,1.0434507075609947,0.3333333333333333,0.3333333333333333,0.3333333333333333,1.0468799283994403
2025-12-03,1.065044926079397,1.0517203853376058,1.030091119083712,0.3333333333333333,0.3333333333333333,0.3333333333333333,1.0489521435002382
2025-12-04,1.134558146670758,1.1559168211923878,1.0790793848758338,0.3333333333333333,0.3333333333333333,0.3333333333333333,1.1231847842463263
2025-12-05,0.9361049904837078,0.9374831772365384,0.9778506595556342,0.3333333333333333,0.3333333333333333,0.3333333333333333,0.95047960909196
2025-12-08,1.0079476428772698,0.9994267931628612,1.0002797018092824,0.3333333333333333,0.3333333333333333,0.3333333333333333,1.0025513792831378
2025-12-09,0.9888682849228598,0.9934996625446105,1.0117416316346217,0.3333333333333333,0.3333333333333333,0.3333333333333333,0.9980365263673641
2025-12-10,0.9530956841316106,0.96795918578585,1.007460637413907,0.3333333333333333,0.3333333333333333,0.3333333333333333,0.9761718357771225
2025-12-11,1.0442913204747495,1.0238568743765568,1.0658256057636875,0.3333333333333333,0.3333333333333333,0.3333333333333333,1.0446579335383313
2025-12-12,0.8642790172498207,0.8487378463004399,0.9112197450140945,0.3333333333333333,0.3333333333333333,0.3333333333333333,0.8747455361881185
2025-12-15,0.949291150630413,0.9417753781228199,0.885343137999502,0.3333333333333333,0.3333333333333333,0.3333333333333333,0.9254698889175782
2025-12-16,0.9833429631981405,1.014332567459396,1.030622040833809,0.3333333333333333,0.3333333333333333,0.3333333333333333,1.0094325238304482
2025-12-17,0.9188083394358459,0.90935217936559,0.928195558540252,0.3333333333333333,0.3333333333333333,0.3333333333333333,0.918785359113896
2025-12-18,1.0038143942379396,1.0234395407172956,1.0080026599849892,0.3333333333333333,0.3333333333333333,0.3333333333333333,1.0117521983134081
2025-12-19,1.017732725373505,1.070895548760783,1.0926231981296752,0.3333333333333333,0.3333333333333333,0.3333333333333333,1.060417157421321
2025-12-22,1.0224020296943448,1.002523117577829,0.9984862476866972,0.3333333333333333,0.3333333333333333,0.3333333333333333,1.0078037983196237
2025-12-23,0.9720024327691544,0.9813038693391247,0.9627046828590428,0.3333333333333333,0.3333333333333333,0.3333333333333333,0.9720036616557739
2025-12-24,1.0068878932271748,0.993038596556616,0.9543306846318282,0.3333333333333333,0.3333333333333333,0.3333333333333333,0.984752391471873
2025-12-26,0.9235074907915272,0.9460091068569408,0.9402640425241815,0.3333333333333333,0.3333333333333333,0.3333333333333333,0.9365935467242165
2025-12-29,0.9750841192101856,0.9632085036606614,0.9273429374708986,0.3333333333333333,0.3333333333333333,0.3333333333333333,0.9552118534472485
2025-12-30,0.9882597287297031,0.9666622524848822,0.9420893004455991,0.3333333333333333,0.3333333333333333,0.3333333333333333,0.9656704272200614
2025-12-31,0.9902166080211405,1.001954752642831,0.9646444683669785,0.3333333333333333,0.3333333333333333,0.3333333333333333,0.9856052763436499
2026-01-02,1.1510232447513251,1.084169463987207,1.1499375404894523,0.3333333333333333,0.3333333333333333,0.3333333333333333,1.1283767497426616
2026-01-05,1.1514409136469221,1.1483289567283903,1.1209706656556775,0.3333333333333333,0.3333333333333333,0.3333333333333333,1.1402468453436634
2026-01-06,1.0420659733383546,1.070069424589572,1.0313408494165854,0.3333333333333333,0.3333333333333333,0.3333333333333333,1.047825415781504
2026-01-07,0.9948901183940144,1.020920502425964,0.9824561571239382,0.3333333333333333,0.3333333333333333,0.3333333333333333,0.9994222593146388
2026-01-08,1.0102722532096995,1.0,1.0538902612824292,0.3333333333333333,0.3333333333333333,0.3333333333333333,1.0213875048307095
2026-01-09,1.0427046339262729,1.0789958934939634,0.9685324980473482,0.3333333333333333,0.3333333333333333,0.3333333333333333,1.0300776751558613
2026-01-12,0.9614821595947679,0.9733168965555213,1.045298370477078,0.3333333333333333,0.3333333333333333,0.3333333333333333,0.993365808875789
2026-01-13,0.9751521405588319,0.9472194764672256,0.9689180829652215,0.3333333333333333,0.3333333333333333,0.3333333333333333,0.9637632333304263
2026-01-14,1.031201268629877,0.988464361320092,1.0601480836851906,0.3333333333333333,0.3333333333333333,0.3333333333333333,1.0266045712117198
2026-01-15,0.9531013460033351,0.9529019046059378,0.971195871558462,0.3333333333333333,0.3333333333333333,0.3333333333333333,0.9590663740559117
2026-01-16,1.0682540180721791,1.0382722812115663,1.0686038654150163,0.3333333333333333,0.3333333333333333,0.3333333333333333,1.0583767215662538
2026-01-20,0.9410599057662105,0.9471301021125589,0.9492571446171378,0.3333333333333333,0.3333333333333333,0.3333333333333333,0.9458157174986357
2026-01-21,1.0394736842105263,1.0094517788417285,1.026579967364398,0.3333333333333333,0.3333333333333333,0.3333333333333333,1.025168476805551
2026-01-22,1.045063260235364,1.0016523631625462,1.0382624250655035,0.3333333333333333,0.3333333333333333,0.3333333333333333,1.0283260161544712
2026-01-23,0.9578488877126083,0.9637083136403556,0.9623164143917566,0.3333333333333333,0.3333333333333333,0.3333333333333333,0.9612912052482401
2026-01-26,0.9307030446377456,0.9392901990006999,0.9441405513308548,0.3333333333333333,0.3333333333333333,0.3333333333333333,0.9380445983231
2026-01-27,1.043478323967111,1.0359615984967747,1.06983839132627,0.3333333333333333,0.3333333333333333,0.3333333333333333,1.0497594379300517
2026-01-28,1.0666666004392862,1.106954416625084,0.9848916030122623,0.3333333333333333,0.3333333333333333,0.3333333333333333,1.052837540025544
2026-01-29,0.9238281493744586,0.9115372547079725,0.9293777516471929,0.3333333333333333,0.3333333333333333,0.3333333333333333,0.9215810519098746
2026-01-30,0.9238900355047099,0.9253835646137619,0.9154468981320221,0.3333333333333333,0.3333333333333333,0.3333333333333333,0.9215734994168313
2026-02-02,0.942791760515569,0.9246420523358049,0.9426772802500167,0.3333333333333333,0.3333333333333333,0.3333333333333333,0.9367036977004635
2026-02-03,1.0849514355229342,1.0594946629993345,1.0786719731938694,0.3333333333333333,0.3333333333333333,0.3333333333333333,1.0743726905720459
2026-02-04,0.9060403536531755,0.8747436327811999,0.9304115099973403,0.3333333333333333,0.3333333333333333,0.3333333333333333,0.9037318321439053
2026-02-05,0.9160493489936853,0.9107430211394488,0.9394103021107237,0.3333333333333333,0.3333333333333333,0.3333333333333333,0.9220675574146192
2026-02-06,1.1812668804850732,1.1441905241789438,1.1177033784857207,0.3333333333333333,0.3333333333333333,0.3333333333333333,1.1477202610499124
2026-02-09,1.0085567377441431,1.0555556211309123,0.97671231892436,0.3333333333333333,0.3333333333333333,0.3333333333333333,1.0136082259331385
2026-02-10,0.9468325498963688,0.925649545580878,0.9284712172936863,0.3333333333333333,0.3333333333333333,0.3333333333333333,0.9336511042569776
2026-02-11,0.9301075213685147,0.9533611946619059,0.9879154191708421,0.3333333333333333,0.3333333333333333,0.3333333333333333,0.9571280450670876
2026-02-12,0.8985228031679873,0.9651214695620811,0.9472477381951087,0.3333333333333333,0.3333333333333333,0.3333333333333333,0.9369640036417256
2026-02-13,1.0228735277865526,1.0276909312134628,1.0004035604763815,0.3333333333333333,0.3333333333333333,0.3333333333333333,1.0169893398254657
2026-02-17,0.9972047546694552,1.029684835983703,1.0177490363234876,0.3333333333333333,0.3333333333333333,0.3333333333333333,1.0148795423255486
2026-02-18,0.9950945587769445,0.9963039621192211,0.9936583491749866,0.3333333333333333,0.3333333333333333,0.3333333333333333,0.9950189566903841
2026-02-19,1.0309859535188535,1.003709749254552,1.0235341108803324,0.3333333333333333,0.3333333333333333,0.3333333333333333,1.0194099378845791
2026-02-20,0.9180327366941102,0.94367241879105,0.9586905895461536,0.3333333333333333,0.3333333333333333,0.3333333333333333,0.9401319150104379
2026-02-23,0.937500057653304,0.9884066793476611,0.9934959412629671,0.3333333333333333,0.3333333333333333,0.3333333333333333,0.9731342260879773
2026-02-24,1.0658730078236107,1.0312251926017004,1.0400981800663498,0.3333333333333333,0.3333333333333333,0.3333333333333333,1.0457321268305535
2026-02-25,0.9813849594699077,1.0193667719568495,1.0700236302636952,0.3333333333333333,0.3333333333333333,0.3333333333333333,1.0235917872301508
2026-02-26,1.0113808509148037,1.0414656214212048,1.0191175932290248,0.3333333333333333,0.3333333333333333,0.3333333333333333,1.023988021855011
2026-02-27,0.9639910318842014,0.9113942528025902,0.9592352385008102,0.3333333333333333,0.3333333333333333,0.3333333333333333,0.9448735077292005
2026-03-02,1.0155641870294063,1.027482121068612,1.0368559434604196,0.3333333333333333,0.3333333333333333,0.3333333333333333,1.0266340838528127
2026-03-03,0.9601532222096933,0.9786641765367338,0.9437794974893841,0.3333333333333333,0.3333333333333333,0.3333333333333333,0.9608656320786036
2026-03-04,1.0007981028806825,1.0371248391333707,1.0130668772715739,0.3333333333333333,0.3333333333333333,0.3333333333333333,1.0169966064285423
2026-03-05,0.9712918933195874,0.9448590607396248,0.9700303149758991,0.3333333333333333,0.3333333333333333,0.3333333333333333,0.9620604230117037
2026-03-06,0.9581280610752435,0.9390617627972856,0.9206101367413086,0.3333333333333333,0.3333333333333333,0.3333333333333333,0.9392666535379458
2026-03-09,1.0419879835402515,1.060600837412822,1.0059472975447545,0.3333333333333333,0.3333333333333333,0.3333333333333333,1.0361787061659427
2026-03-10,0.9893092009809042,0.9935254496748924,1.009290511423955,0.3333333333333333,0.3333333333333333,0.3333333333333333,0.9973750540265838
2026-03-11,1.0290939641927392,1.022482848312214,1.0347280308348847,0.3333333333333333,0.3333333333333333,0.3333333333333333,1.0287682811132792
2026-03-12,0.9499192342626984,0.9494901489208983,0.9595632827128807,0.3333333333333333,0.3333333333333333,0.3333333333333333,0.9529908886321592
2026-03-13,1.0034013572342277,0.9795267458033369,0.9616519230945442,0.3333333333333333,0.3333333333333333,0.3333333333333333,0.9815266753773695
2026-03-16,1.0144067858937347,1.022614351875603,0.9623137326094435,0.3333333333333333,0.3333333333333333,0.3333333333333333,0.9997782901262604
2026-03-17,1.039264770498719,1.0140727118765926,0.987249599682595,0.3333333333333333,0.3333333333333333,0.3333333333333333,1.0135290273526354
2026-03-18,0.9670418117972737,0.9367256221114051,0.9797047726999998,0.3333333333333333,0.3333333333333333,0.3333333333333333,0.9611574022028928
2026-03-19,0.9966749823158019,0.9645502273512445,0.9891713961998683,0.3333333333333333,0.3333333333333333,0.3333333333333333,0.9834655352889715
2026-03-20,0.9541284235834834,0.9868349346482844,1.004283681656708,0.3333333333333333,0.3333333333333333,0.3333333333333333,0.9817490132961586
2026-03-23,1.0227272935680585,1.0424309254962854,1.0436018985621394,0.3333333333333333,0.3333333333333333,0.3333333333333333,1.036253372542161
2026-03-24,0.9769231189323999,0.9768930096721496,0.9813805704410168,0.3333333333333333,0.3333333333333333,0.3333333333333333,0.9783988996818553
2026-03-25,1.0227470925866717,1.005640490874364,1.0152707040437554,0.3333333333333333,0.3333333333333333,0.3333333333333333,1.0145527625015969
2026-03-26,0.9401197746456904,0.937398243969317,0.96399266653157,0.3333333333333333,0.3333333333333333,0.3333333333333333,0.9471702283821923
2026-03-27,0.9372156874655606,0.9695039222317179,0.959338122056066,0.3333333333333333,0.3333333333333333,0.3333333333333333,0.9553525772511148
2026-03-30,0.9951456126399065,0.9074258858538979,0.936421840447521,0.3333333333333333,0.3333333333333333,0.3333333333333333,0.9463311129804418
2026-03-31,1.0575609904963796,1.087977142616109,1.0778947127492804,0.3333333333333333,0.3333333333333333,0.3333333333333333,1.0744776152872562
2026-04-01,0.9464944727360001,0.969348649867178,0.9960937536379789,0.3333333333333333,0.3333333333333333,0.3333333333333333,0.9706456254137189
2026-04-02,0.9892786931873635,1.0012482083143737,1.0480391941451876,0.3333333333333333,0.3333333333333333,0.3333333333333333,1.0128553652156413
2026-04-06,1.0019704885236802,1.0130894917813607,1.0060804992150698,0.3333333333333333,0.3333333333333333,0.3333333333333333,1.0070468265067034
2026-04-07,0.9006882771578217,0.9554963444699913,0.9349140119184903,0.3333333333333333,0.3333333333333333,0.3333333333333333,0.9303662111821012
2026-04-08,1.0764191944242119,1.0776990538748408,1.1183490347355587,0.3333333333333333,0.3333333333333333,0.3333333333333333,1.0908224276782037
2026-04-09,0.9432049203406262,0.9510057930824897,0.9386394319781716,0.3333333333333333,0.3333333333333333,0.3333333333333333,0.9442833818004291
2026-04-10,0.9903225644363369,1.0523560209424083,0.9834201624182759,0.3333333333333333,0.3333333333333333,0.3333333333333333,1.008699582599007
2026-04-13,1.0401737116206924,1.073432808491721,1.0534682369033552,0.3333333333333333,0.3333333333333333,0.3333333333333333,1.055691585671923
2026-04-14,1.0699373780406831,1.0860215669721607,1.0754457958488177,0.3333333333333333,0.3333333333333333,0.3333333333333333,1.077134913620554
2026-04-15,1.1424390281118997,1.0814270483777575,1.032738114063663,0.3333333333333333,0.3333333333333333,0.3333333333333333,1.08553473018444
2026-04-16,0.9743808548456387,1.0135753848629196,1.0107039239083355,0.3333333333333333,0.3333333333333333,0.3333333333333333,0.999553387872298
2026-04-17,1.1086765808677383,1.040492111994903,1.0529532050838806,0.3333333333333333,0.3333333333333333,0.3333333333333333,1.067373965982174
2026-04-20,1.011067221149768,1.019757517483316,0.9876209017368678,0.3333333333333333,0.3333333333333333,0.3333333333333333,1.006148546789984
2026-04-21,0.9124315958639913,0.9189784696081215,0.9314531941663673,0.3333333333333333,0.3333333333333333,0.3333333333333333,0.9209544198794932
2026-04-22,1.1628105917831029,1.1565245640668071,1.1518081832953961,0.3333333333333333,0.3333333333333333,0.3333333333333333,1.157047779715102
2026-04-23,0.9373618683190088,1.0559314351268643,0.9247900871906948,0.3333333333333333,0.3333333333333333,0.3333333333333333,0.9726944635455226
2026-04-24,0.940251555587478,0.9285901235959934,0.9670351722468349,0.3333333333333333,0.3333333333333333,0.3333333333333333,0.945292283810102
2026-04-27,1.0576922724232873,1.0694366240165603,1.051643165801501,0.3333333333333333,0.3333333333333333,0.3333333333333333,1.0595906874137828
2026-04-28,0.9343873558312022,0.9099169769551693,0.9204192109396513,0.3333333333333333,0.3333333333333333,0.3333333333333333,0.9215745145753409
2026-04-29,0.9576988144746788,0.9405124736024482,0.9455926167022287,0.3333333333333333,0.3333333333333333,0.3333333333333333,0.9479346349264518
2026-04-30,1.1007067468247362,1.115727858642285,1.0428188707049881,0.3333333333333333,0.3333333333333333,0.3333333333333333,1.0864178253906696
2026-05-01,0.9743178415855118,0.9710345038052263,1.0012831774047217,0.3333333333333333,0.3333333333333333,0.3333333333333333,0.9822118409318199
2026-05-04,1.0032948896805451,0.974431775387162,0.9961554825640958,0.3333333333333333,0.3333333333333333,0.3333333333333333,0.991294049210601
2026-05-05,0.9745484062520945,0.9967929850496117,0.9764151267470806,0.3333333333333333,0.3333333333333333,0.3333333333333333,0.9825855060162623
2026-05-06,1.1390059467660116,1.1643756353412582,1.276679802828572,0.3333333333333333,0.3333333333333333,0.3333333333333333,1.193353794978614
2026-05-07,0.930473335633814,0.9021602531172764,0.9184726881057816,0.3333333333333333,0.3333333333333333,0.3333333333333333,0.9170354256189573
2026-05-08,0.9976152835331374,1.0094668006103515,1.0280898868377946,0.3333333333333333,0.3333333333333333,0.3333333333333333,1.0117239903270945
2026-05-11,1.0589641242925618,1.077506481197294,1.0327868704377368,0.3333333333333333,0.3333333333333333,0.3333333333333333,1.0564191586425309
2026-05-12,0.9029345398377893,0.9424036841393446,0.9555555480801544,0.3333333333333333,0.3333333333333333,0.3333333333333333,0.9336312573524294
2026-05-13,0.996666669845581,0.9460818451799643,0.998523406596455,0.3333333333333333,0.3333333333333333,0.3333333333333333,0.9804239738740002
2026-05-14,1.0083612358821714,0.9648291063905102,1.0181146651492492,0.3333333333333333,0.3333333333333333,0.3333333333333333,0.9971016691406435
2026-05-15,0.9311773757461651,0.9262014707329679,0.9048656226530402,0.3333333333333333,0.3333333333333333,0.3333333333333333,0.920748156377391
2026-05-18,0.9332146010176376,0.9407229136271649,0.9691011053207755,0.3333333333333333,0.3333333333333333,0.3333333333333333,0.9476795399885259
2026-05-19,0.9599237460911181,0.9542349685394966,0.9231884235388149,0.3333333333333333,0.3333333333333333,0.3333333333333333,0.9457823793898098
2026-05-20,1.0328031719623554,1.1198997966154733,1.0903789810609137,0.3333333333333333,0.3333333333333333,0.3333333333333333,1.0810273165462474
